,pname,avg_assists
0,James Harden,10.655172413793103
1,Tyrese Haliburton,10.446428571428571
2,Trae Young,10.150684931506849
3,Nikola Jokic,9.826086956521738
4,Chris Paul,8.88135593220339
5,LaMelo Ball,8.444444444444445
6,Skylar Mays,8.333333333333334
7,Ja Morant,8.081967213114755
8,Luka Doncic,8.015151515151516
9,Darius Garland,7.797101449275362
10,Russell Westbrook,7.5479452054794525
11,Jrue Holiday,7.388059701492537
12,Damian Lillard,7.327586206896552
13,Domantas Sabonis,7.253164556962025
14,Fred VanVleet,7.173913043478261
15,RaiQuan Gray,7.0
16,Jacob Gilyard,7.0
17,Draymond Green,6.8493150684931505
18,LeBron James,6.818181818181818
19,Mike Conley,6.7164179104477615
20,Tre Jones,6.588235294117647
21,Spencer Dinwiddie,6.518987341772152
22,Stephen Curry,6.285714285714286
23,Marcus Smart,6.262295081967213
24,Jalen Brunson,6.1911764705882355
25,Killian Hayes,6.184210526315789
26,Josh Giddey,6.171052631578948
27,D'Angelo Russell,6.154929577464789
28,Jamal Murray,6.153846153846154
29,De'Aaron Fox,6.123287671232877
30,Ben Simmons,6.095238095238095
31,Dejounte Murray,6.054054054054054
32,Cade Cunningham,6.0
33,Shaquille Harrison,6.0
34,Pascal Siakam,5.845070422535211
35,Brandon Ingram,5.822222222222222
36,Kevin Porter Jr.,5.728813559322034
37,CJ McCollum,5.72
38,Giannis Antetokounmpo,5.698412698412699
39,Markelle Fultz,5.683333333333334
40,Kris Dunn,5.636363636363637
41,Devin Booker,5.528301886792453
42,Kyrie Irving,5.516666666666667
43,Shai Gilgeous-Alexander,5.455882352941177
44,Bradley Beal,5.42
45,Jimmy Butler,5.3125
46,T.J. McConnell,5.293333333333333
47,Monte Morris,5.258064516129032
48,John Wall,5.235294117647059
49,Jaden Ivey,5.22972972972973
50,Tyus Jones,5.2125
51,Paul George,5.142857142857143
52,Kyle Lowry,5.109090909090909
53,DeMar DeRozan,5.094594594594595
54,Terry Rozier,5.063492063492063
55,Kevin Durant,5.0
56,Khris Middleton,4.9393939393939394
57,Kyle Anderson,4.855072463768116
58,Dennis Smith Jr.,4.833333333333333
59,Karl-Anthony Towns,4.827586206896552
60,Scottie Barnes,4.818181818181818
61,Jayson Tatum,4.621621621621622
62,Zion Williamson,4.586206896551724
63,Andrew Nembhard,4.546666666666667
64,Dennis Schroder,4.515151515151516
65,Jordan Poole,4.5
66,Joshua Primo,4.5
67,Mac McClung,4.5
68,Cameron Payne,4.458333333333333
69,Anthony Edwards,4.430379746835443
70,Donovan Mitchell,4.426470588235294
71,Jordan Clarkson,4.426229508196721
72,Desmond Bane,4.379310344827586
73,Zach LaVine,4.246753246753247
74,Tyler Herro,4.17910447761194
75,Joel Embiid,4.151515151515151
76,Gordon Hayward,4.12
77,Julius Randle,4.103896103896104
78,Anfernee Simons,4.080645161290323
79,Kawhi Leonard,3.923076923076923
80,Cole Anthony,3.9166666666666665
81,Derrick White,3.9146341463414633
82,Alperen Sengun,3.88
83,Delon Wright,3.88
84,Caris LeVert,3.8783783783783785
85,Malik Monk,3.8701298701298703
86,Josh Hart,3.8157894736842106
87,Talen Horton-Tucker,3.7846153846153845
88,Paolo Banchero,3.736111111111111
89,Kyle Kuzma,3.734375
90,Royce O'Neale,3.723684210526316
91,Kelly Olynyk,3.7058823529411766
92,Malcolm Brogdon,3.701492537313433
93,Jalen Green,3.6973684210526314
94,Devin Vassell,3.5789473684210527
95,Franz Wagner,3.5375
96,Tyrese Maxey,3.533333333333333
97,Donte DiVincenzo,3.5
98,Cory Joseph,3.5
99,Ricky Rubio,3.484848484848485
100,Victor Oladipo,3.4761904761904763
101,Jaylen Brown,3.462686567164179
102,Theo Maledon,3.4545454545454546
103,Immanuel Quickley,3.4444444444444446
104,Jordan McLaughlin,3.441860465116279
105,Reggie Jackson,3.426470588235294
106,Justise Winslow,3.3793103448275863
107,Austin Reaves,3.359375
108,Bruce Brown,3.35
109,Jalen Williams,3.3066666666666666
110,Mikal Bridges,3.289156626506024
111,Joe Ingles,3.260869565217391
112,Nikola Vucevic,3.231707317073171
113,Bam Adebayo,3.2
114,Shake Milton,3.1578947368421053
115,Mason Plumlee,3.1012658227848102
116,Bones Hyland,3.0714285714285716
117,Jose Alvarado,3.0491803278688523
118,Al Horford,3.0
119,Ty Jerome,3.0
120,Aaron Gordon,2.985294117647059
121,Kevin Huerter,2.9466666666666668
122,Jalen Suggs,2.9245283018867925
123,Keldon Johnson,2.9047619047619047
124,Patrick Beverley,2.8955223880597014
125,Alex Caruso,2.8805970149253732
126,Collin Sexton,2.875
127,Jusuf Nurkic,2.8653846153846154
128,Zach Collins,2.857142857142857
129,Evan Mobley,2.8354430379746836
130,Buddy Hield,2.8125
131,Bogdan Bogdanovic,2.7777777777777777
132,Deni Avdija,2.776315789473684
133,Coby White,2.7567567567567566
134,RJ Barrett,2.7534246575342465
135,Jakob Poeltl,2.736111111111111
136,Jordan Goodwin,2.7096774193548385
137,Jae'Sean Tate,2.7096774193548385
138,Devonte' Graham,2.684931506849315
139,Saben Lee,2.68
140,Kristaps Porzingis,2.6769230769230767
141,Josh Richardson,2.6769230769230767
142,Eric Gordon,2.652173913043478
143,Blake Wesley,2.6486486486486487
144,Anthony Davis,2.642857142857143
145,Goran Dragic,2.603448275862069
146,Dillon Brooks,2.589041095890411
147,Bojan Bogdanovic,2.5762711864406778
148,Ayo Dosunmu,2.575
149,De'Anthony Melton,2.5584415584415585
150,Jeremy Sochan,2.5357142857142856
151,Kevon Looney,2.524390243902439
152,Tobias Harris,2.5135135135135136
153,Gabe Vincent,2.4558823529411766
154,Naji Marshall,2.4545454545454546
155,Herbert Jones,2.4545454545454546
156,Jevon Carter,2.432098765432099
157,Kentavious Caldwell-Pope,2.4078947368421053
158,P.J. Washington,2.3972602739726026
159,George Hill,2.391304347826087
160,Jerami Grant,2.380952380952381
161,Andre Iguodala,2.375
162,Klay Thompson,2.36231884057971
163,Jarred Vanderbilt,2.358974358974359
164,Ish Smith,2.3255813953488373
165,Landry Shamet,2.325
166,Wendell Carter Jr.,2.3157894736842106
167,Daishen Nix,2.3157894736842106
168,Davion Mitchell,2.3125
169,Steven Adams,2.3095238095238093
170,Andrew Wiggins,2.2972972972972974
171,Terance Mann,2.271604938271605
172,Dyson Daniels,2.2711864406779663
173,Grayson Allen,2.263888888888889
174,Alec Burks,2.235294117647059
175,Stanley Johnson,2.2333333333333334
176,McKinley Wright IV,2.1481481481481484
177,Luka Samanic,2.142857142857143
178,Max Strus,2.1375
179,Quentin Grimes,2.112676056338028
180,Kemba Walker,2.111111111111111
181,Trendon Watford,2.096774193548387
182,Luguentz Dort,2.081081081081081
183,Duane Washington Jr.,2.032258064516129
184,Jaylen Nowell,2.0307692307692307
185,Will Barton,2.0
186,Jeenathan Williams,2.0
187,Lindell Wigginton,2.0
188,Louis King,2.0
189,Kenrich Williams,1.9811320754716981
190,O.G. Anunoby,1.955223880597015
191,Jason Preston,1.9285714285714286
192,Malaki Branham,1.9242424242424243
193,Nic Claxton,1.894736842105263
194,Aleksej Pokusevski,1.8823529411764706
195,Jaden McDaniels,1.8734177215189873
196,Kevin Love,1.8709677419354838
197,Jonathan Kuminga,1.8656716417910448
198,Lauri Markkanen,1.8636363636363635
199,Cameron Johnson,1.8571428571428572
200,Larry Nance Jr.,1.8307692307692307
201,Nickeil Alexander-Walker,1.8305084745762712
202,Tim Hardaway Jr.,1.8169014084507042
203,Norman Powell,1.8166666666666667
204,Christian Wood,1.8059701492537314
205,Tre Mann,1.791044776119403
206,Jonas Valanciunas,1.7721518987341771
207,Marcus Morris Sr.,1.7538461538461538
208,Michael Carter-Williams,1.75
209,Josh Green,1.7166666666666666
210,Deandre Ayton,1.7164179104477613
211,Gorgui Dieng,1.7096774193548387
212,Derrick Rose,1.7037037037037037
213,Quenton Jackson,1.6666666666666667
214,Gabe York,1.6666666666666667
215,Jarrett Allen,1.661764705882353
216,Grant Williams,1.6582278481012658
217,Svi Mykhailiuk,1.65625
218,Trent Forrest,1.6521739130434783
219,Caleb Martin,1.647887323943662
220,Raul Neto,1.6458333333333333
221,Jalen McDaniels,1.625
222,Seth Curry,1.6229508196721312
223,Kennedy Chandler,1.6111111111111112
224,Gary Trent Jr.,1.606060606060606
225,Xavier Tillman,1.5737704918032787
226,Cody Martin,1.5714285714285714
227,Harrison Barnes,1.5609756097560976
228,Taurean Prince,1.5555555555555556
229,Nicolas Batum,1.5512820512820513
230,Jaylin Williams,1.5510204081632653
231,Anthony Lamb,1.5483870967741935
232,Luke Kennard,1.5423728813559323
233,Keita Bates-Diop,1.537313432835821
234,Saddiq Bey,1.5324675324675325
235,Malik Beasley,1.5308641975308641
236,TyTy Washington Jr.,1.5161290322580645
237,Dorian Finney-Smith,1.5151515151515151
238,Terrence Ross,1.507936507936508
239,Kenyon Martin Jr.,1.5
240,Bobby Portis,1.5
241,Jae Crowder,1.5
242,Cedi Osman,1.4935064935064934
243,Blake Griffin,1.4878048780487805
244,Bennedict Mathurin,1.4871794871794872
245,Torrey Craig,1.481012658227848
246,Keon Johnson,1.475
247,Moritz Wagner,1.4736842105263157
248,Dru Smith,1.4666666666666666
249,Josh Okogie,1.4583333333333333
250,Austin Rivers,1.4423076923076923
251,Sandro Mamukelashvili,1.441860465116279
252,Myles Turner,1.435483870967742
253,Robert Williams III,1.4285714285714286
254,Jay Huff,1.4285714285714286
255,Cam Reddish,1.425
256,Doug McDermott,1.421875
257,Jordan Nwora,1.4193548387096775
258,Trey Murphy III,1.4177215189873418
259,Aaron Holiday,1.4126984126984128
260,Maxi Kleber,1.4054054054054055
261,De'Andre Hunter,1.4029850746268657
262,Isaiah Stewart,1.4
263,Patty Mills,1.4
264,Chris Duarte,1.391304347826087
265,John Konchar,1.3888888888888888
266,Thaddeus Young,1.3888888888888888
267,Reggie Bullock,1.3846153846153846
268,Charles Bassey,1.3714285714285714
269,Chuma Okeke,1.3703703703703705
270,Cam Thomas,1.368421052631579
271,Joe Harris,1.364864864864865
272,Gary Payton II,1.3636363636363635
273,Jaden Hardy,1.3541666666666667
274,Aaron Nesmith,1.3424657534246576
275,Damion Lee,1.337837837837838
276,Vlatko Cancar,1.3333333333333333
277,Payton Pritchard,1.3333333333333333
278,Evan Fournier,1.3333333333333333
279,Jared Butler,1.3333333333333333
280,Devon Dotson,1.3333333333333333
281,Malachi Flynn,1.320754716981132
282,Drew Eubanks,1.3205128205128205
283,Dario Saric,1.2982456140350878
284,Brandon Clarke,1.2857142857142858
285,Kendrick Nunn,1.2857142857142858
286,Daniel Theis,1.2857142857142858
287,Edmond Sumner,1.2830188679245282
288,Matthew Dellavedova,1.28125
289,Jabari Smith Jr.,1.2784810126582278
290,Brook Lopez,1.2692307692307692
291,Pat Connaughton,1.2622950819672132
292,Santi Aldama,1.2597402597402598
293,Troy Brown Jr.,1.25
294,Juan Toscano-Anderson,1.25
295,Xavier Sneed,1.25
296,Xavier Moon,1.25
297,Isaiah Hartenstein,1.2439024390243902
298,Rudy Gobert,1.2428571428571429
299,Jeff Dowtin Jr.,1.24
300,Frank Ntilikina,1.2340425531914894
301,Jeff Green,1.2321428571428572
302,Gary Harris,1.2291666666666667
303,Keegan Murray,1.225
304,Jordan Hall,1.2222222222222223
305,Patrick Williams,1.2195121951219512
306,James Bouknight,1.2058823529411764
307,Isaiah Joe,1.2054794520547945
308,John Collins,1.1971830985915493
309,Robert Covington,1.1875
310,Jalen Johnson,1.1857142857142857
311,Ousmane Dieng,1.1794871794871795
312,Corey Kispert,1.1756756756756757
313,Shaedon Sharpe,1.175
314,Bryce McGowens,1.173913043478261
315,Romeo Langford,1.1627906976744187
316,Dalano Banton,1.1612903225806452
317,Theo Pinson,1.15
318,Ryan Arcidiacono,1.15
319,R.J. Hampton,1.148936170212766
320,Isaac Okoro,1.144736842105263
321,Lonnie Walker IV,1.1428571428571428
322,Aaron Wiggins,1.1428571428571428
323,Josh Christopher,1.140625
324,Ochai Agbaji,1.1355932203389831
325,Naz Reid,1.1323529411764706
326,Kelly Oubre Jr.,1.125
327,Miles McBride,1.125
328,Facundo Campazzo,1.125
329,Jalen Duren,1.1194029850746268
330,Duncan Robinson,1.0952380952380953
331,Daniel Gafford,1.0769230769230769
332,Tari Eason,1.0731707317073171
333,Amir Coffey,1.06
334,Michael Porter Jr.,1.0483870967741935
335,Terence Davis,1.046875
336,Goga Bitadze,1.0263157894736843
337,Rudy Gay,1.0178571428571428
338,AJ Griffin,1.0138888888888888
339,Ivica Zubac,1.013157894736842
340,Onyeka Okongwu,1.0125
341,Jeremiah Robinson-Earl,1.0
342,Johnny Davis,1.0
343,Otto Porter Jr.,1.0
344,Sam Merrill,1.0
345,Justin Minaya,1.0
346,Kobi Simmons,1.0
347,Georges Niang,0.9871794871794872
348,Bol Bol,0.9857142857142858
349,Jock Landale,0.9855072463768116
350,Obi Toppin,0.9850746268656716
351,Hamidou Diallo,0.9821428571428571
352,Jalen Smith,0.9705882352941176
353,Jaren Jackson Jr.,0.9523809523809523
354,T.J. Warren,0.9523809523809523
355,Ziaire Williams,0.9459459459459459
356,Mo Bamba,0.9387755102040817
357,Walker Kessler,0.9324324324324325
358,Nassir Little,0.9259259259259259
359,Rui Hachimura,0.9206349206349206
360,Kira Lewis Jr.,0.92
361,Bismack Biyombo,0.9180327868852459
362,JD Davison,0.9166666666666666
363,David Duke Jr.,0.9130434782608695
364,Precious Achiuwa,0.9090909090909091
365,Brandon Boston Jr.,0.9090909090909091
366,Dwight Powell,0.9078947368421053
367,Isaiah Roby,0.9047619047619048
368,Mitchell Robinson,0.8983050847457628
369,JaMychal Green,0.8947368421052632
370,Clint Capela,0.8923076923076924
371,Trey Lyles,0.8918918918918919
372,Justin Holiday,0.8913043478260869
373,Frank Kaminsky,0.8888888888888888
374,Sam Hauser,0.8875
375,Markieff Morris,0.8857142857142857
376,Darius Bazley,0.8837209302325582
377,Ish Wainright,0.8833333333333333
378,Rodney McGruder,0.875
379,DeAndre Jordan,0.8717948717948718
380,Willy Hernangomez,0.868421052631579
381,Marvin Bagley III,0.8571428571428571
382,Dominick Barlow,0.8571428571428571
383,Trevelin Queen,0.8571428571428571
384,Carlik Jones,0.8571428571428571
385,Usman Garuba,0.8533333333333334
386,David Roddy,0.8428571428571429
387,Dean Wade,0.8409090909090909
388,Admiral Schofield,0.8378378378378378
389,Kenneth Lofton Jr.,0.8333333333333334
390,James Johnson,0.8333333333333334
391,Yuta Watanabe,0.8275862068965517
392,Isaiah Jackson,0.8095238095238095
393,Moses Moody,0.8095238095238095
394,Simone Fontecchio,0.8076923076923077
395,Orlando Robinson,0.8064516129032258
396,P.J. Tucker,0.8
397,Jamaree Bouyea,0.8
398,Justin Champagnie,0.8
399,Haywood Highsmith,0.7962962962962963
400,Bruno Fernando,0.7948717948717948
401,Mike Muscala,0.7936507936507936
402,Isaiah Livers,0.7884615384615384
403,Danuel House Jr.,0.7857142857142857
404,Christian Braun,0.7763157894736842
405,Day'Ron Sharpe,0.7708333333333334
406,Luke Kornet,0.7681159420289855
407,Jarrell Brantley,0.75
408,Matisse Thybulle,0.7464788732394366
409,Jaxson Hayes,0.723404255319149
410,Javonte Green,0.71875
411,Eugene Omoruyi,0.7
412,Taj Gibson,0.6938775510204082
413,Dewayne Dedmon,0.6842105263157895
414,Lindy Waters III,0.6829268292682927
415,Bryn Forbes,0.68
416,Oshae Brissett,0.676923076923077
417,MarJon Beauchamp,0.6730769230769231
418,James Wiseman,0.6666666666666666
419,Cody Zeller,0.6666666666666666
420,Jamal Cain,0.6666666666666666
421,Nikola Jovic,0.6666666666666666
422,Isaiah Todd,0.6666666666666666
423,Wesley Matthews,0.6538461538461539
424,Luka Garza,0.6428571428571429
425,Kessler Edwards,0.6388888888888888
426,AJ Green,0.6285714285714286
427,PJ Dozier,0.625
428,Wendell Moore Jr.,0.6206896551724138
429,Jabari Walker,0.6071428571428571
430,Chimezie Metu,0.6060606060606061
431,Jake LaRavia,0.6
432,Jarrett Culver,0.6
433,Xavier Cooks,0.6
434,Trevor Hudgins,0.6
435,Juancho Hernangomez,0.5952380952380952
436,Furkan Korkmaz,0.5945945945945946
437,Caleb Houstan,0.5882352941176471
438,Julian Champagnie,0.5882352941176471
439,Nerlens Noel,0.5882352941176471
440,Vit Krejci,0.5862068965517241
441,Nick Richards,0.5846153846153846
442,Montrezl Harrell,0.5789473684210527
443,Dalen Terry,0.5789473684210527
444,John Butler Jr.,0.5789473684210527
445,Anthony Gill,0.576271186440678
446,Micah Potter,0.5714285714285714
447,Cole Swider,0.5714285714285714
448,Danny Green,0.5454545454545454
449,Jonathan Isaac,0.5454545454545454
450,Davon Reed,0.5348837209302325
451,Christian Koloko,0.5344827586206896
452,Lamar Stevens,0.532258064516129
453,Derrick Jones Jr.,0.53125
454,Wenyen Gabriel,0.5294117647058824
455,Thomas Bryant,0.5254237288135594
456,Kevin Knox II,0.5238095238095238
457,JT Thor,0.5217391304347826
458,Garrett Temple,0.52
459,Robin Lopez,0.5135135135135135
460,Max Christie,0.5121951219512195
461,Jaden Springer,0.5
462,Ryan Rollins,0.5
463,Jay Scrubb,0.5
464,Lester Quinones,0.5
465,Kendall Brown,0.5
466,Leandro Bolmaro,0.5
467,Jordan Schakel,0.5
468,Chima Moneke,0.5
469,Andre Drummond,0.4925373134328358
470,Garrison Mathews,0.48148148148148145
471,Jericho Sims,0.4807692307692308
472,Peyton Watson,0.4782608695652174
473,Kevon Harris,0.47058823529411764
474,Matt Ryan,0.47058823529411764
475,Davis Bertans,0.4666666666666667
476,Alex Len,0.46153846153846156
477,Johnny Juzang,0.4444444444444444
478,Olivier Sarr,0.4444444444444444
479,Ron Harper Jr.,0.4444444444444444
480,Mark Williams,0.4186046511627907
481,Thanasis Antetokounmpo,0.40540540540540543
482,Buddy Boeheim,0.4
483,Paul Reed,0.391304347826087
484,Justin Jackson,0.391304347826087
485,Chris Boucher,0.3815789473684211
486,Keon Ellis,0.375
487,KZ Okpala,0.37142857142857144
488,Damian Jones,0.36585365853658536
489,Mamadi Diakite,0.36363636363636365
490,Patrick Baldwin Jr.,0.3548387096774194
491,Khem Birch,0.35
492,Nathan Knight,0.34210526315789475
493,Zeke Nnaji,0.33962264150943394
494,Josh Minott,0.3333333333333333
495,Scotty Pippen Jr.,0.3333333333333333
496,Joe Wieskamp,0.3333333333333333
497,Dylan Windler,0.3333333333333333
498,Kai Jones,0.32608695652173914
499,Terry Taylor,0.3225806451612903
500,Udoka Azubuike,0.3055555555555556
501,Noah Vonleh,0.30434782608695654
502,Boban Marjanovic,0.2903225806451613
503,Jared Rhoden,0.2857142857142857
504,Vernon Carey Jr.,0.2727272727272727
505,Vince Williams Jr.,0.26666666666666666
506,JaVale McGee,0.2619047619047619
507,Serge Ibaka,0.25
508,Isaiah Mobley,0.25
509,Darius Days,0.25
510,Alize Johnson,0.25
511,Jack White,0.23529411764705882
512,Omer Yurtseven,0.2222222222222222
513,Richaun Holmes,0.21428571428571427
514,Neemias Queta,0.2
515,Greg Brown III,0.1875
516,Moussa Diabate,0.18181818181818182
517,A.J. Lawson,0.13333333333333333
518,Tyrese Martin,0.125
519,Moses Brown,0.1111111111111111
520,Meyers Leonard,0.1111111111111111
521,Tony Bradley,0.08333333333333333
522,Udonis Haslem,0.0
523,Tyler Dorsey,0.0
524,Chance Comanche,0.0
525,Marko Simonovic,0.0
526,Mfiondu Kabengele,0.0
527,Malcolm Hill,0.0
528,Braxton Key,0.0
529,Dereon Seabron,0.0
530,Donovan Williams,0.0
531,Trevor Keels,0.0
532,Chris Silva,0.0
533,Stanley Umude,0.0
