,team,pname,avg_points
0,ATL,Trae Young,26.21917808219178
1,BKN,Mikal Bridges,20.132530120481928
2,BOS,Jayson Tatum,30.06756756756757
3,CHA,LaMelo Ball,23.27777777777778
4,CHI,Zach LaVine,24.844155844155843
5,CLE,Donovan Mitchell,28.264705882352942
6,DAL,Luka Doncic,32.39393939393939
7,DEN,Nikola Jokic,24.492753623188406
8,DET,Bojan Bogdanovic,21.576271186440678
9,GSW,Stephen Curry,29.428571428571427
10,HOU,Jalen Green,22.144736842105264
11,IND,Tyrese Haliburton,20.714285714285715
12,LAC,Kawhi Leonard,23.826923076923077
13,LAL,LeBron James,28.90909090909091
14,MEM,Ja Morant,26.16393442622951
15,MIA,Jimmy Butler,22.90625
16,MIL,Giannis Antetokounmpo,31.095238095238095
17,MIN,Anthony Edwards,24.632911392405063
18,NOP,Zion Williamson,26.0
19,NYK,Julius Randle,25.142857142857142
20,OKC,Shai Gilgeous-Alexander,31.397058823529413
21,ORL,Paolo Banchero,19.958333333333332
22,PHI,Joel Embiid,33.07575757575758
23,PHX,Kevin Durant,29.06382978723404
24,POR,Damian Lillard,32.172413793103445
25,SAC,De'Aaron Fox,25.013698630136986
26,SAS,Keldon Johnson,21.984126984126984
27,TOR,Pascal Siakam,24.225352112676056
28,UTA,Lauri Markkanen,25.62121212121212
29,WAS,Bradley Beal,23.2
