,age,pname,avg_points
0,19,Jabari Smith Jr.,12.784810126582279
1,20,Paolo Banchero,19.958333333333332
2,21,Anthony Edwards,24.632911392405063
3,22,Zion Williamson,26.0
4,23,Ja Morant,26.16393442622951
5,24,Luka Doncic,32.39393939393939
6,25,Jayson Tatum,30.06756756756757
7,26,Donovan Mitchell,28.264705882352942
8,27,Kristaps Porzingis,23.153846153846153
9,28,Giannis Antetokounmpo,31.095238095238095
10,29,Joel Embiid,33.07575757575758
11,30,Anthony Davis,25.910714285714285
12,31,Kyrie Irving,27.05
13,32,Damian Lillard,32.172413793103445
14,33,DeMar DeRozan,24.54054054054054
15,34,Kevin Durant,29.06382978723404
16,35,Stephen Curry,29.428571428571427
17,36,Al Horford,9.777777777777779
18,37,Chris Paul,13.88135593220339
19,38,LeBron James,28.90909090909091
20,39,Andre Iguodala,2.125
21,42,Udonis Haslem,3.857142857142857
