,pname,avg_rebounds
0,Anthony Davis,12.535714285714286
1,Domantas Sabonis,12.316455696202532
2,Nikola Jokic,11.840579710144928
3,Giannis Antetokounmpo,11.777777777777779
4,Rudy Gobert,11.628571428571428
5,Steven Adams,11.547619047619047
6,Clint Capela,11.03076923076923
7,Nikola Vucevic,11.012195121951219
8,Jonas Valanciunas,10.177215189873417
9,Joel Embiid,10.151515151515152
10,Julius Randle,9.96103896103896
11,Deandre Ayton,9.955223880597014
12,Ivica Zubac,9.947368421052632
13,Jarrett Allen,9.794117647058824
14,Bobby Portis,9.6
15,Mitchell Robinson,9.40677966101695
16,Kevon Looney,9.268292682926829
17,Nic Claxton,9.236842105263158
18,Bam Adebayo,9.173333333333334
19,Jakob Poeltl,9.069444444444445
20,Jusuf Nurkic,9.057692307692308
21,Alperen Sengun,9.04
22,Evan Mobley,9.0
23,RaiQuan Gray,9.0
24,Jalen Duren,8.880597014925373
25,Mason Plumlee,8.860759493670885
26,Jayson Tatum,8.77027027027027
27,Wendell Carter Jr.,8.719298245614034
28,Lauri Markkanen,8.636363636363637
29,Luka Doncic,8.621212121212121
30,Kristaps Porzingis,8.4
31,Walker Kessler,8.378378378378379
32,Robert Williams III,8.342857142857143
33,LeBron James,8.309090909090909
34,Karl-Anthony Towns,8.137931034482758
35,Isaiah Stewart,8.06
36,Josh Giddey,7.881578947368421
37,Pascal Siakam,7.830985915492958
38,Josh Hart,7.802631578947368
39,Myles Turner,7.516129032258065
40,Jarred Vanderbilt,7.461538461538462
41,Christian Wood,7.3283582089552235
42,Kyle Kuzma,7.234375
43,Jabari Smith Jr.,7.2025316455696204
44,Onyeka Okongwu,7.2
45,Draymond Green,7.191780821917808
46,Mark Williams,7.069767441860465
47,Zion Williamson,6.9655172413793105
48,Paolo Banchero,6.902777777777778
49,Jaylen Brown,6.850746268656716
50,Jaren Jackson Jr.,6.761904761904762
51,Brook Lopez,6.666666666666667
52,Kevin Durant,6.659574468085107
53,Scottie Barnes,6.64935064935065
54,Andre Drummond,6.626865671641791
55,Aaron Gordon,6.5588235294117645
56,Isaiah Hartenstein,6.536585365853658
57,John Collins,6.507042253521127
58,Kawhi Leonard,6.5
59,Kevin Love,6.435483870967742
60,LaMelo Ball,6.416666666666667
61,Deni Avdija,6.407894736842105
62,Marvin Bagley III,6.404761904761905
63,Nick Richards,6.4
64,Zach Collins,6.380952380952381
65,Ben Simmons,6.261904761904762
66,Al Horford,6.190476190476191
67,Kelly Olynyk,6.176470588235294
68,Cade Cunningham,6.166666666666667
69,Paul George,6.107142857142857
70,James Harden,6.103448275862069
71,Stephen Curry,6.089285714285714
72,Tari Eason,6.048780487804878
73,Precious Achiuwa,5.963636363636364
74,James Wiseman,5.933333333333334
75,Jimmy Butler,5.859375
76,Ja Morant,5.852459016393443
77,Anthony Edwards,5.7974683544303796
78,Russell Westbrook,5.794520547945205
79,Jalen Smith,5.794117647058823
80,Bol Bol,5.785714285714286
81,Thomas Bryant,5.745762711864407
82,Tobias Harris,5.72972972972973
83,Daniel Gafford,5.551282051282051
84,Chris Boucher,5.5394736842105265
85,Brandon Clarke,5.535714285714286
86,Charles Bassey,5.514285714285714
87,Kenyon Martin Jr.,5.512195121951219
88,Michael Porter Jr.,5.5
89,Brandon Ingram,5.466666666666667
90,Larry Nance Jr.,5.446153846153846
91,Torrey Craig,5.3924050632911396
92,Tyler Herro,5.373134328358209
93,Drew Eubanks,5.358974358974359
94,Kyle Anderson,5.333333333333333
95,Kevin Porter Jr.,5.322033898305085
96,Jeremy Sochan,5.267857142857143
97,Dejounte Murray,5.256756756756757
98,Kelly Oubre Jr.,5.1875
99,DeAndre Jordan,5.17948717948718
100,Jrue Holiday,5.08955223880597
101,Kyrie Irving,5.066666666666666
102,Royce O'Neale,5.052631578947368
103,Keldon Johnson,5.0476190476190474
104,RJ Barrett,5.041095890410959
105,Xavier Tillman,5.032786885245901
106,Andrew Wiggins,5.027027027027027
107,Desmond Bane,5.017241379310345
108,Buddy Hield,5.0
109,Justise Winslow,5.0
110,Mac McClung,5.0
111,O.G. Anunoby,4.955223880597015
112,Kenrich Williams,4.9245283018867925
113,Jaylin Williams,4.918367346938775
114,P.J. Washington,4.904109589041096
115,Naz Reid,4.897058823529412
116,Caleb Martin,4.845070422535211
117,Shai Gilgeous-Alexander,4.838235294117647
118,Santi Aldama,4.818181818181818
119,Cole Anthony,4.8
120,Dorian Finney-Smith,4.787878787878788
121,Damian Lillard,4.775862068965517
122,Willy Hernangomez,4.7368421052631575
123,Saddiq Bey,4.701298701298701
124,Aleksej Pokusevski,4.676470588235294
125,Jericho Sims,4.653846153846154
126,Luguentz Dort,4.648648648648648
127,Pat Connaughton,4.639344262295082
128,Keegan Murray,4.6375
129,DeMar DeRozan,4.635135135135135
130,Grant Williams,4.594936708860759
131,Mo Bamba,4.591836734693878
132,Kris Dunn,4.545454545454546
133,Moritz Wagner,4.543859649122807
134,Devin Booker,4.528301886792453
135,Donte DiVincenzo,4.513888888888889
136,Jalen Williams,4.493333333333333
137,Jerami Grant,4.492063492063492
138,Rui Hachimura,4.492063492063492
139,Zach LaVine,4.48051948051948
140,Isaiah Jackson,4.476190476190476
141,Harrison Barnes,4.463414634146342
142,Cameron Johnson,4.404761904761905
143,Shaquille Harrison,4.4
144,Mikal Bridges,4.385542168674699
145,CJ McCollum,4.373333333333333
146,Jalen McDaniels,4.325
147,John Konchar,4.305555555555555
148,Sandro Mamukelashvili,4.3023255813953485
149,Gordon Hayward,4.3
150,Luka Samanic,4.285714285714286
151,Cody Zeller,4.266666666666667
152,Bismack Biyombo,4.262295081967213
153,Chris Paul,4.254237288135593
154,Donovan Mitchell,4.25
155,Khris Middleton,4.242424242424242
156,De'Andre Hunter,4.2388059701492535
157,Wenyen Gabriel,4.205882352941177
158,De'Aaron Fox,4.191780821917808
159,Jeremiah Robinson-Earl,4.186046511627907
160,Malcolm Brogdon,4.17910447761194
161,Day'Ron Sharpe,4.166666666666667
162,Immanuel Quickley,4.160493827160494
163,Klay Thompson,4.144927536231884
164,Dwight Powell,4.131578947368421
165,Franz Wagner,4.1125
166,Terry Rozier,4.111111111111111
167,Bruce Brown,4.1
168,Usman Garuba,4.093333333333334
169,Kyle Lowry,4.090909090909091
170,Bennedict Mathurin,4.076923076923077
171,Herbert Jones,4.075757575757576
172,Orlando Robinson,4.064516129032258
173,Fred VanVleet,4.057971014492754
174,Jock Landale,4.057971014492754
175,Trey Lyles,4.054054054054054
176,Troy Brown Jr.,4.052631578947368
177,De'Anthony Melton,4.0519480519480515
178,Jordan Clarkson,4.032786885245901
179,Jalen Johnson,4.0285714285714285
180,Jonathan Isaac,4.0
181,Louis King,4.0
182,Jacob Gilyard,4.0
183,Patrick Williams,3.9878048780487805
184,Marcus Morris Sr.,3.9692307692307693
185,Jamal Murray,3.953846153846154
186,P.J. Tucker,3.933333333333333
187,Bradley Beal,3.92
188,Markelle Fultz,3.9
189,Devin Vassell,3.8947368421052633
190,Jaden Ivey,3.891891891891892
191,Jaden McDaniels,3.8860759493670884
192,Moses Brown,3.861111111111111
193,Trendon Watford,3.838709677419355
194,Nicolas Batum,3.8333333333333335
195,Jae Crowder,3.8333333333333335
196,Caris LeVert,3.810810810810811
197,Jae'Sean Tate,3.806451612903226
198,Jarrett Culver,3.8
199,Xavier Cooks,3.8
200,Paul Reed,3.7971014492753623
201,Aaron Nesmith,3.7945205479452055
202,Blake Griffin,3.7804878048780486
203,Bojan Bogdanovic,3.7796610169491527
204,Meyers Leonard,3.7777777777777777
205,Justin Minaya,3.75
206,Jalen Green,3.736842105263158
207,Jordan Nwora,3.693548387096774
208,Keita Bates-Diop,3.6865671641791047
209,Patrick Beverley,3.6865671641791047
210,Tyrese Haliburton,3.6607142857142856
211,Maxi Kleber,3.6486486486486487
212,Dominick Barlow,3.642857142857143
213,Dario Saric,3.6315789473684212
214,Reggie Bullock,3.628205128205128
215,Naji Marshall,3.6233766233766236
216,Goga Bitadze,3.6052631578947367
217,Tre Jones,3.6029411764705883
218,Delon Wright,3.6
219,JaMychal Green,3.5964912280701755
220,Derrick White,3.573170731707317
221,Trey Murphy III,3.5569620253164556
222,Chuma Okeke,3.5555555555555554
223,Jalen Brunson,3.5441176470588234
224,Tim Hardaway Jr.,3.535211267605634
225,Julian Champagnie,3.5294117647058822
226,Dewayne Dedmon,3.526315789473684
227,Bruno Fernando,3.5128205128205128
228,Malik Beasley,3.493827160493827
229,Josh Okogie,3.486111111111111
230,Haywood Highsmith,3.4814814814814814
231,Anthony Lamb,3.467741935483871
232,Hamidou Diallo,3.4642857142857144
233,Robert Covington,3.4583333333333335
234,Gorgui Dieng,3.4516129032258065
235,Jonathan Kuminga,3.4477611940298507
236,Olivier Sarr,3.4444444444444446
237,Cody Martin,3.4285714285714284
238,Spencer Dinwiddie,3.4177215189873418
239,Dean Wade,3.409090909090909
240,Terance Mann,3.4074074074074074
241,Monte Morris,3.3870967741935485
242,Oshae Brissett,3.353846153846154
243,Kevin Huerter,3.3466666666666667
244,Dillon Brooks,3.3424657534246576
245,Lamar Stevens,3.338709677419355
246,Jordan Goodwin,3.306451612903226
247,Udoka Azubuike,3.3055555555555554
248,Grayson Allen,3.2916666666666665
249,Joshua Primo,3.25
250,Talen Horton-Tucker,3.230769230769231
251,Quentin Grimes,3.2253521126760565
252,Max Strus,3.225
253,Mike Muscala,3.2222222222222223
254,Darius Bazley,3.2093023255813953
255,Dyson Daniels,3.1864406779661016
256,Stanley Johnson,3.1666666666666665
257,Skylar Mays,3.1666666666666665
258,Daniel Theis,3.142857142857143
259,Gary Payton II,3.1363636363636362
260,Marcus Smart,3.1311475409836067
261,T.J. McConnell,3.12
262,Alec Burks,3.0980392156862746
263,Dennis Smith Jr.,3.0925925925925926
264,Thaddeus Young,3.074074074074074
265,Bogdan Bogdanovic,3.0555555555555554
266,Victor Oladipo,3.0476190476190474
267,Damion Lee,3.0405405405405403
268,Jalen Suggs,3.0377358490566038
269,Josh Green,3.033333333333333
270,D'Angelo Russell,3.028169014084507
271,Austin Reaves,3.015625
272,Aaron Wiggins,3.0142857142857142
273,Chimezie Metu,3.0
274,Jeenathan Williams,3.0
275,Jay Huff,3.0
276,Jay Scrubb,3.0
277,Chance Comanche,3.0
278,Damian Jones,2.975609756097561
279,Trae Young,2.9726027397260273
280,Shaedon Sharpe,2.95
281,Christian Koloko,2.9482758620689653
282,Tyrese Maxey,2.933333333333333
283,Juancho Hernangomez,2.9285714285714284
284,Alex Caruso,2.925373134328358
285,Norman Powell,2.9166666666666665
286,Rudy Gay,2.9107142857142856
287,Killian Hayes,2.9078947368421053
288,Jamal Cain,2.888888888888889
289,T.J. Warren,2.880952380952381
290,Coby White,2.864864864864865
291,Luke Kornet,2.8550724637681157
292,Kevin Knox II,2.8095238095238093
293,Jaxson Hayes,2.8085106382978724
294,Corey Kispert,2.7972972972972974
295,Theo Maledon,2.7954545454545454
296,Obi Toppin,2.791044776119403
297,Montrezl Harrell,2.789473684210526
298,Joe Ingles,2.782608695652174
299,Eugene Omoruyi,2.775
300,David Roddy,2.757142857142857
301,Ayo Dosunmu,2.75
302,Isaiah Livers,2.75
303,Javonte Green,2.75
304,Serge Ibaka,2.75
305,Jordan Poole,2.7439024390243905
306,Malaki Branham,2.742424242424242
307,Kentavious Caldwell-Pope,2.736842105263158
308,Mike Conley,2.716417910447761
309,John Wall,2.7058823529411766
310,Nerlens Noel,2.7058823529411766
311,Josh Richardson,2.6923076923076925
312,Ousmane Dieng,2.6923076923076925
313,Darius Garland,2.681159420289855
314,Luke Kennard,2.6779661016949152
315,Kai Jones,2.6739130434782608
316,Andrew Nembhard,2.6533333333333333
317,Romeo Langford,2.6511627906976742
318,Jared Rhoden,2.642857142857143
319,Malik Monk,2.6363636363636362
320,Gary Trent Jr.,2.621212121212121
321,Jaylen Nowell,2.6153846153846154
322,Nassir Little,2.611111111111111
323,Zeke Nnaji,2.6037735849056602
324,Anfernee Simons,2.596774193548387
325,Jeff Green,2.5714285714285716
326,Isaiah Roby,2.5714285714285716
327,Omer Yurtseven,2.5555555555555554
328,Sam Hauser,2.55
329,JaVale McGee,2.5476190476190474
330,Shake Milton,2.513157894736842
331,Dennis Schroder,2.5
332,Tyus Jones,2.5
333,Chris Duarte,2.5
334,Alize Johnson,2.5
335,Mfiondu Kabengele,2.5
336,Jevon Carter,2.493827160493827
337,Isaac Okoro,2.460526315789474
338,Will Barton,2.4464285714285716
339,Terrence Ross,2.4444444444444446
340,Taurean Prince,2.4444444444444446
341,Yuta Watanabe,2.4310344827586206
342,Trevelin Queen,2.4285714285714284
343,Bones Hyland,2.4107142857142856
344,Isaiah Joe,2.3972602739726026
345,Derrick Jones Jr.,2.390625
346,Juan Toscano-Anderson,2.3846153846153846
347,Christian Braun,2.3815789473684212
348,Otto Porter Jr.,2.375
349,Georges Niang,2.371794871794872
350,Jabari Walker,2.3392857142857144
351,Johnny Davis,2.3214285714285716
352,Ish Wainright,2.316666666666667
353,Tre Mann,2.3134328358208953
354,Rodney McGruder,2.3125
355,Jose Alvarado,2.3114754098360657
356,Alex Len,2.3076923076923075
357,Cedi Osman,2.2857142857142856
358,Micah Potter,2.2857142857142856
359,Moussa Diabate,2.272727272727273
360,Luka Garza,2.25
361,Joe Harris,2.2162162162162162
362,Blake Wesley,2.2162162162162162
363,MarJon Beauchamp,2.2115384615384617
364,Cameron Payne,2.2083333333333335
365,JT Thor,2.2028985507246377
366,Cam Reddish,2.2
367,Neemias Queta,2.2
368,Collin Sexton,2.1875
369,Wesley Matthews,2.173076923076923
370,Terence Davis,2.171875
371,Johnny Juzang,2.1666666666666665
372,Doug McDermott,2.15625
373,Ziaire Williams,2.135135135135135
374,Vlatko Cancar,2.1333333333333333
375,Gabe Vincent,2.1323529411764706
376,AJ Griffin,2.125
377,Kenneth Lofton Jr.,2.125
378,Andre Iguodala,2.125
379,Ricky Rubio,2.121212121212121
380,Reggie Jackson,2.1176470588235294
381,James Bouknight,2.1176470588235294
382,Noah Vonleh,2.0869565217391304
383,Nikola Jovic,2.066666666666667
384,Kevon Harris,2.0588235294117645
385,Ochai Agbaji,2.0508474576271185
386,Gary Harris,2.0416666666666665
387,Markieff Morris,2.0285714285714285
388,Bryce McGowens,2.0217391304347827
389,Gabe York,2.0
390,Isaiah Todd,2.0
391,Matisse Thybulle,1.971830985915493
392,Lonnie Walker IV,1.9464285714285714
393,Eric Gordon,1.9420289855072463
394,Caleb Houstan,1.9411764705882353
395,Boban Marjanovic,1.935483870967742
396,Richaun Holmes,1.9047619047619047
397,Taj Gibson,1.8979591836734695
398,Jaden Hardy,1.8541666666666667
399,R.J. Hampton,1.851063829787234
400,George Hill,1.8478260869565217
401,Payton Pritchard,1.8333333333333333
402,Lindy Waters III,1.829268292682927
403,Max Christie,1.829268292682927
404,Evan Fournier,1.8148148148148149
405,Saben Lee,1.8
406,Jake LaRavia,1.8
407,Sam Merrill,1.8
408,Kemba Walker,1.7777777777777777
409,McKinley Wright IV,1.7407407407407407
410,Ty Jerome,1.7333333333333334
411,Daishen Nix,1.719298245614035
412,Nickeil Alexander-Walker,1.7118644067796611
413,Cory Joseph,1.7096774193548387
414,Kessler Edwards,1.6944444444444444
415,Danuel House Jr.,1.6785714285714286
416,Anthony Gill,1.6779661016949152
417,Admiral Schofield,1.6756756756756757
418,Landry Shamet,1.675
419,Devonte' Graham,1.6712328767123288
420,Cam Thomas,1.6666666666666667
421,Moses Moody,1.6666666666666667
422,James Johnson,1.6666666666666667
423,Josh Minott,1.6666666666666667
424,Isaiah Mobley,1.6666666666666667
425,Devon Dotson,1.6666666666666667
426,Svi Mykhailiuk,1.65625
427,Simone Fontecchio,1.6538461538461537
428,Duncan Robinson,1.6428571428571428
429,Seth Curry,1.639344262295082
430,Peyton Watson,1.608695652173913
431,Trent Forrest,1.608695652173913
432,Dru Smith,1.6
433,Justin Champagnie,1.6
434,Austin Rivers,1.5961538461538463
435,Theo Pinson,1.575
436,Jason Preston,1.5714285714285714
437,Udonis Haslem,1.5714285714285714
438,Kendrick Nunn,1.5571428571428572
439,Terry Taylor,1.5161290322580645
440,Jarrell Brantley,1.5
441,Darius Days,1.5
442,Edmond Sumner,1.490566037735849
443,Derrick Rose,1.4814814814814814
444,Nathan Knight,1.4736842105263157
445,TyTy Washington Jr.,1.4516129032258065
446,Dalano Banton,1.4516129032258065
447,Frank Kaminsky,1.4444444444444444
448,Jordan McLaughlin,1.441860465116279
449,Malachi Flynn,1.4339622641509433
450,A.J. Lawson,1.4
451,Goran Dragic,1.396551724137931
452,Robin Lopez,1.3783783783783783
453,Davon Reed,1.372093023255814
454,Brandon Boston Jr.,1.3636363636363635
455,Mamadi Diakite,1.3636363636363635
456,Garrison Mathews,1.3518518518518519
457,Jordan Hall,1.3333333333333333
458,Kira Lewis Jr.,1.32
459,Frank Ntilikina,1.3191489361702127
460,Davion Mitchell,1.3125
461,Patrick Baldwin Jr.,1.2903225806451613
462,AJ Green,1.2857142857142858
463,Danny Green,1.2727272727272727
464,David Duke Jr.,1.2608695652173914
465,Ish Smith,1.255813953488372
466,Khem Birch,1.25
467,Michael Carter-Williams,1.25
468,Xavier Sneed,1.25
469,Jamaree Bouyea,1.2
470,Justin Holiday,1.1956521739130435
471,Thanasis Antetokounmpo,1.1891891891891893
472,Greg Brown III,1.1875
473,Davis Bertans,1.1777777777777778
474,Aaron Holiday,1.1746031746031746
475,Duane Washington Jr.,1.1612903225806452
476,Furkan Korkmaz,1.135135135135135
477,Josh Christopher,1.109375
478,Patty Mills,1.1
479,Keon Johnson,1.1
480,Amir Coffey,1.06
481,Kennedy Chandler,1.0555555555555556
482,Lindell Wigginton,1.0
483,Vince Williams Jr.,1.0
484,Ryan Rollins,1.0
485,Jack White,1.0
486,Cole Swider,1.0
487,Kendall Brown,1.0
488,Vernon Carey Jr.,1.0
489,Donovan Williams,1.0
490,Chima Moneke,1.0
491,Dalen Terry,0.9736842105263158
492,KZ Okpala,0.9714285714285714
493,Raul Neto,0.9583333333333334
494,Jeff Dowtin Jr.,0.92
495,Tony Bradley,0.9166666666666666
496,Vit Krejci,0.896551724137931
497,John Butler Jr.,0.8947368421052632
498,Quenton Jackson,0.8888888888888888
499,Jaden Springer,0.875
500,PJ Dozier,0.875
501,Kobi Simmons,0.8
502,Miles McBride,0.78125
503,Ron Harper Jr.,0.7777777777777778
504,Matt Ryan,0.7647058823529411
505,Ryan Arcidiacono,0.75
506,Tyrese Martin,0.75
507,JD Davison,0.75
508,Lester Quinones,0.75
509,Xavier Moon,0.75
510,Justin Jackson,0.7391304347826086
511,Carlik Jones,0.7142857142857143
512,Garrett Temple,0.68
513,Jared Butler,0.6666666666666666
514,Scotty Pippen Jr.,0.6666666666666666
515,Tyler Dorsey,0.6666666666666666
516,Trevor Keels,0.6666666666666666
517,Wendell Moore Jr.,0.6206896551724138
518,Bryn Forbes,0.6
519,Buddy Boeheim,0.6
520,Malcolm Hill,0.6
521,Keon Ellis,0.5
522,Leandro Bolmaro,0.5
523,Joe Wieskamp,0.4444444444444444
524,Matthew Dellavedova,0.40625
525,Braxton Key,0.3333333333333333
526,Marko Simonovic,0.2857142857142857
527,Facundo Campazzo,0.25
528,Dereon Seabron,0.2
529,Trevor Hudgins,0.0
530,Dylan Windler,0.0
531,Jordan Schakel,0.0
532,Chris Silva,0.0
533,Stanley Umude,0.0
