,pname,avg_fg%,avg_3p%
0,Braxton Key,1.0,0.0
1,Chris Silva,1.0,0.0
2,Udoka Azubuike,0.8190000000000001,0.0
3,Tyler Dorsey,0.8,0.5
4,Jericho Sims,0.7759999999999999,0.0
5,DeAndre Jordan,0.765,1.0
6,Robert Williams III,0.747,0.0
7,Daniel Gafford,0.732,0.0
8,Dwight Powell,0.732,0.0
9,Walker Kessler,0.72,0.33299999999999996
10,Jay Scrubb,0.7140000000000001,1.0
11,Nic Claxton,0.705,0.0
12,Boban Marjanovic,0.6829999999999999,0.0
13,Mason Plumlee,0.68,0.0
14,Mitchell Robinson,0.6709999999999999,0.0
15,Micah Potter,0.667,0.5710000000000001
16,Neemias Queta,0.667,0.0
17,Dylan Windler,0.667,0.5
18,Luke Kornet,0.665,0.231
19,Rudy Gobert,0.659,0.0
20,Brandon Clarke,0.6559999999999999,0.16699999999999998
21,Clint Capela,0.653,0.0
22,Jalen Duren,0.648,0.0
23,Jarrett Allen,0.644,0.1
24,Charles Bassey,0.644,0.375
25,Drew Eubanks,0.6409999999999999,0.389
26,JaVale McGee,0.64,0.4
27,Damian Jones,0.64,0.588
28,Robin Lopez,0.64,0.5
29,Onyeka Okongwu,0.638,0.308
30,Mark Williams,0.637,0.0
31,Moses Brown,0.635,0.0
32,Ivica Zubac,0.634,0.0
33,Nikola Jokic,0.632,0.38299999999999995
34,Kevon Looney,0.63,0.0
35,Jakob Poeltl,0.629,0.0
36,Nick Richards,0.629,1.0
37,Cody Zeller,0.627,0.0
38,Thomas Bryant,0.623,0.441
39,Richaun Holmes,0.618,0.625
40,Domantas Sabonis,0.615,0.373
41,Jeenathan Williams,0.615,0.375
42,Louis King,0.615,0.5
43,Xavier Tillman,0.614,0.267
44,Larry Nance Jr.,0.61,0.33299999999999996
45,Zion Williamson,0.608,0.368
46,Xavier Cooks,0.607,0.0
47,Andre Drummond,0.606,0.0
48,Jay Huff,0.6,0.5
49,Chance Comanche,0.6,0.0
50,Montrezl Harrell,0.598,0.0
51,Steven Adams,0.597,0.0
52,Wenyen Gabriel,0.596,0.278
53,Gary Payton II,0.594,0.5
54,Khem Birch,0.594,0.5
55,Paul Reed,0.593,0.16699999999999998
56,Omer Yurtseven,0.593,0.429
57,Deandre Ayton,0.589,0.292
58,Chimezie Metu,0.589,0.237
59,Bismack Biyombo,0.578,0.0
60,Hamidou Diallo,0.573,0.23800000000000002
61,Jarrell Brantley,0.5710000000000001,0.444
62,Kendall Brown,0.5710000000000001,0.0
63,Kenyon Martin Jr.,0.569,0.315
64,Nathan Knight,0.568,0.364
65,Ben Simmons,0.5660000000000001,0.0
66,Javonte Green,0.565,0.371
67,Aaron Gordon,0.564,0.34700000000000003
68,Anthony Davis,0.563,0.257
69,Isaiah Jackson,0.563,0.14300000000000002
70,Zeke Nnaji,0.561,0.262
71,Jamal Cain,0.561,0.35
72,Kevin Durant,0.56,0.40399999999999997
73,Trendon Watford,0.56,0.391
74,James Wiseman,0.5579999999999999,0.2
75,Kai Jones,0.5579999999999999,0.21100000000000002
76,Evan Mobley,0.5539999999999999,0.21600000000000003
77,Giannis Antetokounmpo,0.5529999999999999,0.275
78,Alperen Sengun,0.5529999999999999,0.33299999999999996
79,Goga Bitadze,0.552,0.231
80,Jaxson Hayes,0.551,0.10300000000000001
81,Joel Embiid,0.5479999999999999,0.33
82,Myles Turner,0.5479999999999999,0.373
83,Jarred Vanderbilt,0.5479999999999999,0.322
84,Jonas Valanciunas,0.547,0.349
85,Bol Bol,0.546,0.265
86,Thaddeus Young,0.545,0.17600000000000002
87,Day'Ron Sharpe,0.544,0.545
88,T.J. McConnell,0.5429999999999999,0.441
89,Luka Garza,0.5429999999999999,0.359
90,Bam Adebayo,0.54,0.083
91,JaMychal Green,0.54,0.37799999999999995
92,Jimmy Butler,0.539,0.35
93,Anthony Gill,0.5379999999999999,0.138
94,Naz Reid,0.537,0.34600000000000003
95,Josh Green,0.537,0.402
96,Kris Dunn,0.537,0.47200000000000003
97,Isaiah Hartenstein,0.535,0.21600000000000003
98,Dominick Barlow,0.535,0.0
99,Stanley Johnson,0.5329999999999999,0.45
100,Alex Len,0.5329999999999999,0.0
101,Brook Lopez,0.531,0.374
102,Austin Reaves,0.529,0.39799999999999996
103,Josh Hart,0.529,0.37200000000000005
104,Marvin Bagley III,0.529,0.28800000000000003
105,Jock Landale,0.528,0.25
106,Orlando Robinson,0.528,0.0
107,Draymond Green,0.527,0.305
108,Willy Hernangomez,0.527,0.273
109,Bruno Fernando,0.527,0.0
110,Kenneth Lofton Jr.,0.527,0.353
111,Wendell Carter Jr.,0.525,0.35600000000000004
112,Jonathan Kuminga,0.525,0.37
113,Jalen Williams,0.521,0.35600000000000004
114,Nikola Vucevic,0.52,0.349
115,Taj Gibson,0.52,0.33299999999999996
116,Terry Taylor,0.52,0.263
117,Terance Mann,0.519,0.389
118,Jusuf Nurkic,0.519,0.361
119,Zach Collins,0.518,0.374
120,Raul Neto,0.518,0.28600000000000003
121,Jaden McDaniels,0.517,0.39799999999999996
122,Kenrich Williams,0.517,0.373
123,Christian Wood,0.515,0.376
124,Markelle Fultz,0.514,0.31
125,De'Aaron Fox,0.512,0.324
126,Kawhi Leonard,0.512,0.41600000000000004
127,Aaron Wiggins,0.512,0.39299999999999996
128,Moussa Diabate,0.511,0.5
129,Shai Gilgeous-Alexander,0.51,0.345
130,Dewayne Dedmon,0.51,0.308
131,Kyle Anderson,0.509,0.41
132,John Collins,0.508,0.292
133,Keita Bates-Diop,0.508,0.39399999999999996
134,Jaren Jackson Jr.,0.506,0.355
135,Bradley Beal,0.506,0.365
136,Collin Sexton,0.506,0.39299999999999996
137,DeMar DeRozan,0.504,0.324
138,Tobias Harris,0.501,0.389
139,LeBron James,0.5,0.321
140,Moritz Wagner,0.5,0.313
141,Derrick Jones Jr.,0.5,0.33799999999999997
142,Skylar Mays,0.5,0.462
143,A.J. Lawson,0.5,0.4
144,Josh Minott,0.5,0.33299999999999996
145,Otto Porter Jr.,0.5,0.353
146,Olivier Sarr,0.5,0.125
147,Ron Harper Jr.,0.5,0.33299999999999996
148,Tony Bradley,0.5,0.6
149,Xavier Sneed,0.5,0.5
150,RaiQuan Gray,0.5,0.4
151,Alize Johnson,0.5,0.0
152,Malcolm Hill,0.5,0.33299999999999996
153,Jordan Schakel,0.5,1.0
154,Chima Moneke,0.5,0.0
155,Lauri Markkanen,0.499,0.392
156,Kelly Olynyk,0.499,0.39399999999999996
157,Kristaps Porzingis,0.498,0.385
158,Corey Kispert,0.49700000000000005,0.424
159,Luka Doncic,0.496,0.342
160,Bobby Portis,0.496,0.37
161,Karl-Anthony Towns,0.495,0.366
162,Christian Braun,0.495,0.354
163,Kyrie Irving,0.494,0.379
164,Devin Booker,0.494,0.35100000000000003
165,Isaac Okoro,0.494,0.363
166,Stephen Curry,0.493,0.42700000000000005
167,Chris Boucher,0.493,0.32799999999999996
168,Ayo Dosunmu,0.493,0.312
169,Luke Kennard,0.49200000000000005,0.494
170,Frank Kaminsky,0.49200000000000005,0.39399999999999996
171,Peyton Watson,0.49200000000000005,0.429
172,Jaylen Brown,0.491,0.335
173,Jalen Brunson,0.491,0.41600000000000004
174,Jalen Johnson,0.491,0.28800000000000003
175,Yuta Watanabe,0.491,0.444
176,Tyrese Haliburton,0.49,0.4
177,T.J. Warren,0.489,0.32799999999999996
178,Bojan Bogdanovic,0.488,0.41100000000000003
179,Jeff Green,0.488,0.28800000000000003
180,Ty Jerome,0.488,0.389
181,Michael Porter Jr.,0.48700000000000004,0.414
182,Rui Hachimura,0.486,0.319
183,Usman Garuba,0.486,0.40700000000000003
184,Lindell Wigginton,0.486,0.33299999999999996
185,Jaden Springer,0.486,0.4
186,Zach LaVine,0.485,0.375
187,Franz Wagner,0.485,0.361
188,Kevin Huerter,0.485,0.402
189,Precious Achiuwa,0.485,0.26899999999999996
190,Mo Bamba,0.485,0.387
191,Blake Griffin,0.485,0.348
192,Donovan Mitchell,0.484,0.386
193,Trey Murphy III,0.484,0.406
194,Brandon Ingram,0.484,0.39
195,Malcolm Brogdon,0.484,0.444
196,Bruce Brown,0.483,0.358
197,Meyers Leonard,0.483,0.389
198,Josh Giddey,0.48200000000000004,0.325
199,Tyrese Maxey,0.48100000000000004,0.434
200,Serge Ibaka,0.48100000000000004,0.33299999999999996
201,Pascal Siakam,0.48,0.324
202,Monte Morris,0.48,0.382
203,Jae'Sean Tate,0.48,0.28300000000000003
204,Christian Koloko,0.48,0.083
205,Mamadi Diakite,0.48,0.33299999999999996
206,Jrue Holiday,0.479,0.384
207,Desmond Bane,0.479,0.408
208,Norman Powell,0.479,0.397
209,Shake Milton,0.479,0.37799999999999995
210,Jae Crowder,0.479,0.436
211,Daniel Theis,0.47700000000000004,0.182
212,O.G. Anunoby,0.47600000000000003,0.387
213,Jalen Smith,0.47600000000000003,0.28300000000000003
214,Al Horford,0.47600000000000003,0.446
215,Moses Moody,0.47600000000000003,0.363
216,Vlatko Cancar,0.47600000000000003,0.374
217,Jerami Grant,0.475,0.401
218,Gordon Hayward,0.475,0.325
219,Delon Wright,0.474,0.345
220,Harrison Barnes,0.473,0.374
221,Andrew Wiggins,0.473,0.396
222,Shaedon Sharpe,0.47200000000000003,0.36
223,Danuel House Jr.,0.47200000000000003,0.336
224,Anthony Lamb,0.47100000000000003,0.36700000000000005
225,Santi Aldama,0.47,0.353
226,Cameron Johnson,0.47,0.40399999999999997
227,George Hill,0.47,0.358
228,D'Angelo Russell,0.469,0.396
229,Herbert Jones,0.469,0.335
230,McKinley Wright IV,0.469,0.321
231,Jared Butler,0.469,0.5
232,Mikal Bridges,0.46799999999999997,0.382
233,Quentin Grimes,0.46799999999999997,0.386
234,Taurean Prince,0.467,0.381
235,Romeo Langford,0.467,0.262
236,Andre Iguodala,0.467,0.111
237,Jayson Tatum,0.466,0.35
238,Ja Morant,0.466,0.307
239,AJ Griffin,0.465,0.39
240,Josh Christopher,0.465,0.23600000000000002
241,Dejounte Murray,0.46399999999999997,0.344
242,Patrick Williams,0.46399999999999997,0.415
243,Caleb Martin,0.46399999999999997,0.35600000000000004
244,Damian Lillard,0.46299999999999997,0.371
245,Seth Curry,0.46299999999999997,0.405
246,Darius Garland,0.462,0.41
247,Derrick White,0.462,0.381
248,Kentavious Caldwell-Pope,0.462,0.423
249,David Duke Jr.,0.462,0.083
250,De'Andre Hunter,0.461,0.35
251,Edmond Sumner,0.461,0.35600000000000004
252,Anthony Edwards,0.45899999999999996,0.369
253,Julius Randle,0.45899999999999996,0.34299999999999997
254,Tre Jones,0.45899999999999996,0.285
255,Buddy Hield,0.45799999999999996,0.425
256,Trey Lyles,0.45799999999999996,0.363
257,Kevin Knox II,0.45799999999999996,0.349
258,Dario Saric,0.45799999999999996,0.391
259,Noah Vonleh,0.45799999999999996,0.25
260,Paul George,0.457,0.371
261,Doug McDermott,0.457,0.413
262,Joe Harris,0.457,0.426
263,Scottie Barnes,0.456,0.281
264,Torrey Craig,0.456,0.395
265,Maxi Kleber,0.456,0.348
266,Luka Samanic,0.456,0.258
267,Jalen McDaniels,0.455,0.332
268,Sam Hauser,0.455,0.418
269,Alex Caruso,0.455,0.364
270,Kira Lewis Jr.,0.455,0.441
271,Jamal Murray,0.45399999999999996,0.39799999999999996
272,Cole Anthony,0.45399999999999996,0.364
273,Grant Williams,0.45399999999999996,0.395
274,Davion Mitchell,0.45399999999999996,0.32
275,Darius Bazley,0.45399999999999996,0.377
276,Julian Champagnie,0.45399999999999996,0.402
277,Keegan Murray,0.45299999999999996,0.41100000000000003
278,Jeremy Sochan,0.45299999999999996,0.24600000000000002
279,Keldon Johnson,0.452,0.32899999999999996
280,Quenton Jackson,0.452,0.083
281,Cedi Osman,0.451,0.37200000000000005
282,Admiral Schofield,0.451,0.324
283,Gary Harris,0.45,0.431
284,Mac McClung,0.45,0.364
285,Mike Muscala,0.449,0.391
286,Danny Green,0.449,0.43200000000000005
287,James Johnson,0.449,0.2
288,Kyle Kuzma,0.44799999999999995,0.33299999999999996
289,Immanuel Quickley,0.44799999999999995,0.37
290,Malik Monk,0.44799999999999995,0.359
291,Tari Eason,0.44799999999999995,0.34299999999999997
292,Jaylen Nowell,0.44799999999999995,0.289
293,Lonnie Walker IV,0.44799999999999995,0.365
294,Jordan Goodwin,0.44799999999999995,0.322
295,Lamar Stevens,0.44799999999999995,0.316
296,Juan Toscano-Anderson,0.44799999999999995,0.18600000000000003
297,Anfernee Simons,0.447,0.377
298,Bogdan Bogdanovic,0.447,0.406
299,Eric Gordon,0.446,0.371
300,Obi Toppin,0.446,0.344
301,Cam Reddish,0.446,0.313
302,Robert Covington,0.445,0.397
303,Svi Mykhailiuk,0.445,0.424
304,Jordan Clarkson,0.444,0.33799999999999997
305,P.J. Washington,0.444,0.348
306,Nickeil Alexander-Walker,0.444,0.384
307,Jeremiah Robinson-Earl,0.444,0.33299999999999996
308,Dalen Terry,0.444,0.259
309,Coby White,0.44299999999999995,0.37200000000000005
310,Eugene Omoruyi,0.44299999999999995,0.281
311,Kevin Porter Jr.,0.442,0.366
312,Georges Niang,0.442,0.401
313,Damion Lee,0.442,0.445
314,Isaiah Stewart,0.442,0.327
315,Nassir Little,0.442,0.36700000000000005
316,James Harden,0.441,0.385
317,Andrew Nembhard,0.441,0.35
318,Isaiah Joe,0.441,0.409
319,Cam Thomas,0.441,0.38299999999999995
320,Chris Paul,0.44,0.375
321,Grayson Allen,0.44,0.39899999999999997
322,Malaki Branham,0.44,0.302
323,Tyler Herro,0.439,0.37799999999999995
324,Devin Vassell,0.439,0.387
325,Kevon Harris,0.439,0.37200000000000005
326,Jeff Dowtin Jr.,0.439,0.313
327,Jason Preston,0.439,0.278
328,Spencer Dinwiddie,0.43799999999999994,0.369
329,Tyus Jones,0.43799999999999994,0.371
330,Jaden Hardy,0.43799999999999994,0.40399999999999997
331,Keon Ellis,0.43799999999999994,0.5
332,CJ McCollum,0.43700000000000006,0.389
333,Deni Avdija,0.43700000000000006,0.297
334,Klay Thompson,0.436,0.41200000000000003
335,Russell Westbrook,0.436,0.311
336,Alec Burks,0.436,0.414
337,Jordan Nwora,0.436,0.408
338,Khris Middleton,0.436,0.315
339,Jaylin Williams,0.436,0.40700000000000003
340,Donte DiVincenzo,0.435,0.397
341,Joe Ingles,0.435,0.409
342,Matisse Thybulle,0.435,0.365
343,Austin Rivers,0.435,0.35
344,Thanasis Antetokounmpo,0.435,0.0
345,RJ Barrett,0.434,0.31
346,Bennedict Mathurin,0.434,0.32299999999999995
347,Aleksej Pokusevski,0.434,0.365
348,Gary Trent Jr.,0.433,0.369
349,Naji Marshall,0.433,0.303
350,Isaiah Roby,0.43200000000000005,0.3
351,Furkan Korkmaz,0.43200000000000005,0.391
352,Kelly Oubre Jr.,0.431,0.319
353,Caris LeVert,0.431,0.392
354,Josh Richardson,0.431,0.365
355,John Konchar,0.431,0.33899999999999997
356,Haywood Highsmith,0.431,0.33899999999999997
357,Davis Bertans,0.431,0.39
358,Jordan Poole,0.43,0.336
359,Troy Brown Jr.,0.43,0.381
360,Terrence Ross,0.43,0.368
361,R.J. Hampton,0.43,0.353
362,Trae Young,0.429,0.335
363,David Roddy,0.429,0.307
364,Ziaire Williams,0.429,0.258
365,Isaiah Mobley,0.429,0.375
366,Michael Carter-Williams,0.429,0.33299999999999996
367,Jamaree Bouyea,0.429,0.33299999999999996
368,Mike Conley,0.428,0.385
369,Paolo Banchero,0.42700000000000005,0.298
370,Aaron Nesmith,0.42700000000000005,0.366
371,Ochai Agbaji,0.42700000000000005,0.355
372,Cory Joseph,0.42700000000000005,0.389
373,P.J. Tucker,0.42700000000000005,0.39299999999999996
374,Marcus Morris Sr.,0.426,0.365
375,De'Anthony Melton,0.425,0.39
376,Kendrick Nunn,0.424,0.354
377,AJ Green,0.424,0.419
378,Jevon Carter,0.423,0.42100000000000004
379,Terence Davis,0.423,0.366
380,Dalano Banton,0.423,0.294
381,Saddiq Bey,0.42200000000000004,0.361
382,Sandro Mamukelashvili,0.42200000000000004,0.303
383,Kennedy Chandler,0.42200000000000004,0.133
384,Goran Dragic,0.42100000000000004,0.359
385,Jordan McLaughlin,0.42100000000000004,0.308
386,Juancho Hernangomez,0.42100000000000004,0.254
387,Kemba Walker,0.42100000000000004,0.25
388,KZ Okpala,0.42100000000000004,0.33299999999999996
389,Jack White,0.42100000000000004,0.33299999999999996
390,JD Davison,0.42100000000000004,0.28600000000000003
391,Nicolas Batum,0.42,0.391
392,Ousmane Dieng,0.42,0.265
393,Talen Horton-Tucker,0.419,0.28600000000000003
394,Jalen Suggs,0.419,0.327
395,Jabari Walker,0.419,0.28600000000000003
396,Wendell Moore Jr.,0.419,0.11800000000000001
397,Aaron Holiday,0.418,0.409
398,Dyson Daniels,0.418,0.314
399,Brandon Boston Jr.,0.418,0.414
400,Isaiah Livers,0.41700000000000004,0.365
401,Trent Forrest,0.41700000000000004,0.0
402,Shaquille Harrison,0.41700000000000004,0.3
403,Darius Days,0.41700000000000004,0.3
404,Jalen Green,0.41600000000000004,0.33799999999999997
405,Jaden Ivey,0.41600000000000004,0.34299999999999997
406,Terry Rozier,0.415,0.327
407,Dennis Schroder,0.415,0.32899999999999996
408,Marcus Smart,0.415,0.336
409,Cameron Payne,0.415,0.368
410,Cade Cunningham,0.415,0.27899999999999997
411,Max Christie,0.415,0.419
412,Jonathan Isaac,0.415,0.4
413,Dennis Smith Jr.,0.41200000000000003,0.21600000000000003
414,Payton Pritchard,0.41200000000000003,0.364
415,Dean Wade,0.41200000000000003,0.354
416,LaMelo Ball,0.41100000000000003,0.376
417,Reggie Jackson,0.41100000000000003,0.33299999999999996
418,Jose Alvarado,0.41100000000000003,0.336
419,Patty Mills,0.41100000000000003,0.366
420,Max Strus,0.41,0.35
421,Reggie Bullock,0.409,0.38
422,Justise Winslow,0.409,0.311
423,Markieff Morris,0.409,0.39399999999999996
424,Sam Merrill,0.409,0.278
425,Jabari Smith Jr.,0.408,0.307
426,Rodney McGruder,0.408,0.423
427,John Wall,0.40700000000000003,0.303
428,Nikola Jovic,0.406,0.22899999999999998
429,Saben Lee,0.405,0.36700000000000005
430,Vit Krejci,0.405,0.23800000000000002
431,Kyle Lowry,0.40399999999999997,0.345
432,Gabe Vincent,0.402,0.33399999999999996
433,Theo Maledon,0.402,0.295
434,Tim Hardaway Jr.,0.401,0.385
435,Patrick Beverley,0.4,0.335
436,Garrett Temple,0.4,0.423
437,Dru Smith,0.4,0.263
438,Carlik Jones,0.4,0.5
439,Lester Quinones,0.4,0.5
440,Dereon Seabron,0.4,0.0
441,Donovan Williams,0.4,0.0
442,Bones Hyland,0.39899999999999997,0.371
443,JT Thor,0.39899999999999997,0.317
444,Victor Oladipo,0.397,0.33
445,Ish Smith,0.397,0.16699999999999998
446,Dillon Brooks,0.396,0.326
447,Bryce McGowens,0.396,0.325
448,Malik Beasley,0.395,0.35700000000000004
449,MarJon Beauchamp,0.395,0.331
450,Jarrett Culver,0.395,0.083
451,Patrick Baldwin Jr.,0.39399999999999996,0.381
452,Fred VanVleet,0.39299999999999996,0.342
453,Tre Mann,0.39299999999999996,0.315
454,Lindy Waters III,0.39299999999999996,0.358
455,Greg Brown III,0.39299999999999996,0.14300000000000002
456,Pat Connaughton,0.392,0.33899999999999997
457,Dorian Finney-Smith,0.391,0.337
458,Josh Okogie,0.391,0.335
459,Tyrese Martin,0.391,0.14300000000000002
460,Kevin Love,0.389,0.33399999999999996
461,Jake LaRavia,0.389,0.33799999999999997
462,Cody Martin,0.389,0.214
463,Luguentz Dort,0.38799999999999996,0.33
464,Kessler Edwards,0.387,0.309
465,Royce O'Neale,0.386,0.389
466,Oshae Brissett,0.386,0.31
467,Amir Coffey,0.386,0.275
468,Johnny Davis,0.386,0.243
469,Jared Rhoden,0.386,0.25
470,Gorgui Dieng,0.385,0.28
471,Derrick Rose,0.384,0.302
472,Gabe York,0.381,0.33299999999999996
473,Will Barton,0.379,0.36700000000000005
474,Rudy Gay,0.37799999999999995,0.252
475,Killian Hayes,0.377,0.28
476,Landry Shamet,0.377,0.377
477,Justin Holiday,0.377,0.322
478,Keon Johnson,0.376,0.34600000000000003
479,Devonte' Graham,0.374,0.35200000000000004
480,Duncan Robinson,0.371,0.32799999999999996
481,Ish Wainright,0.37,0.32899999999999996
482,Matt Ryan,0.37,0.381
483,Chris Duarte,0.369,0.316
484,Simone Fontecchio,0.369,0.33
485,Duane Washington Jr.,0.36700000000000005,0.36
486,Frank Ntilikina,0.364,0.254
487,Garrison Mathews,0.363,0.35
488,Caleb Houstan,0.363,0.33799999999999997
489,Wesley Matthews,0.363,0.315
490,TyTy Washington Jr.,0.363,0.23800000000000002
491,Bryn Forbes,0.361,0.304
492,Nerlens Noel,0.361,0.5
493,Malachi Flynn,0.36,0.353
494,Miles McBride,0.358,0.299
495,James Bouknight,0.358,0.303
496,Theo Pinson,0.35600000000000004,0.355
497,Chuma Okeke,0.35200000000000004,0.302
498,Ryan Rollins,0.35,0.33299999999999996
499,Joshua Primo,0.34600000000000003,0.25
500,Udonis Haslem,0.345,0.33299999999999996
501,Ricky Rubio,0.34299999999999997,0.256
502,Daishen Nix,0.342,0.28600000000000003
503,Matthew Dellavedova,0.34,0.33299999999999996
504,Evan Fournier,0.337,0.307
505,Johnny Juzang,0.337,0.23800000000000002
506,Davon Reed,0.33299999999999996,0.37
507,Scotty Pippen Jr.,0.33299999999999996,0.33299999999999996
508,Justin Champagnie,0.33299999999999996,0.2
509,Cole Swider,0.33299999999999996,0.375
510,Xavier Moon,0.33299999999999996,0.33299999999999996
511,Jacob Gilyard,0.33299999999999996,0.33299999999999996
512,Blake Wesley,0.321,0.385
513,John Butler Jr.,0.321,0.22899999999999998
514,Jordan Hall,0.321,0.2
515,Justin Minaya,0.304,0.25
516,PJ Dozier,0.303,0.125
517,Vince Williams Jr.,0.3,0.14300000000000002
518,Marko Simonovic,0.28600000000000003,0.25
519,Mfiondu Kabengele,0.28600000000000003,0.0
520,Justin Jackson,0.259,0.25
521,Vernon Carey Jr.,0.25,0.0
522,Trevor Keels,0.25,0.25
523,Ryan Arcidiacono,0.243,0.348
524,Trevelin Queen,0.24100000000000002,0.133
525,Facundo Campazzo,0.231,0.273
526,Trevor Hudgins,0.222,0.25
527,Joe Wieskamp,0.214,0.25
528,Buddy Boeheim,0.185,0.16
529,Kobi Simmons,0.16699999999999998,0.2
530,Isaiah Todd,0.158,0.1
531,Leandro Bolmaro,0.15,0.0
532,Devon Dotson,0.1,0.25
533,Stanley Umude,0.0,0.0
