,pname,pts_per_minute
0,Tyler Dorsey,1.0843373493975903
1,Giannis Antetokounmpo,0.9680766949990117
2,Joel Embiid,0.9557374896020314
3,Stanley Umude,0.9523809523809523
4,Donovan Williams,0.9302325581395349
5,Luka Doncic,0.8943735620163146
6,Damian Lillard,0.8857875249216748
7,Shai Gilgeous-Alexander,0.8836920529801324
8,Stephen Curry,0.8489594065526478
9,Ja Morant,0.8191756916285993
10,Kevin Durant,0.8170833831798062
11,Jayson Tatum,0.8143620525583779
12,LeBron James,0.8137571011822509
13,Devin Booker,0.8014601721695542
14,Donovan Mitchell,0.7901660911034369
15,Zion Williamson,0.7886204371927622
16,Anthony Davis,0.7618797584667892
17,Trae Young,0.7533356948872358
18,De'Aaron Fox,0.7498357424441525
19,Lauri Markkanen,0.7441144114411441
20,Luka Garza,0.743631881676253
21,Jaylen Brown,0.7418187866439353
22,Nikola Jokic,0.7275075333620319
23,Kyrie Irving,0.7243595465500313
24,Brandon Ingram,0.7229698979260126
25,Kristaps Porzingis,0.7100731304552961
26,Kawhi Leonard,0.7090128755364807
27,Julius Randle,0.7072662842947429
28,Louis King,0.6944444444444444
29,Bradley Beal,0.6934066590949847
30,Zach LaVine,0.6911376856100292
31,Paul George,0.6869874671205323
32,Jalen Brunson,0.6865094379282802
33,Jimmy Butler,0.6856875584658559
34,Anthony Edwards,0.684849551293331
35,Kenneth Lofton Jr.,0.6818181818181818
36,Jordan Poole,0.6814206094137749
37,DeMar DeRozan,0.6772076372315036
38,Desmond Bane,0.6771653543307087
39,Bojan Bogdanovic,0.6725130751756564
40,Keldon Johnson,0.6712547860223913
41,Chris Silva,0.6666666666666666
42,Klay Thompson,0.6621615691781122
43,LaMelo Ball,0.6609875374664774
44,Jaren Jackson Jr.,0.6562237762237763
45,Norman Powell,0.6502456767277136
46,Pascal Siakam,0.6485671191553545
47,Jalen Green,0.6467604334793636
48,Christian Wood,0.640819144040497
49,Jordan Clarkson,0.639239551375547
50,Cam Thomas,0.6373997467285775
51,Karl-Anthony Towns,0.6290491118077325
52,Kelly Oubre Jr.,0.6281098546042003
53,Naz Reid,0.6243504676632824
54,Khris Middleton,0.6206293706293706
55,Duane Washington Jr.,0.6196038598273235
56,Tyrese Haliburton,0.6160709543788836
57,Myles Turner,0.6097961867192636
58,Darius Garland,0.6088591042824453
59,Jamal Murray,0.6084184869222836
60,Mac McClung,0.6082725060827251
61,Bones Hyland,0.6070935052970982
62,Kyle Kuzma,0.6061012104158292
63,Malik Monk,0.6055141926477431
64,Tyrese Maxey,0.6042266097827166
65,Anfernee Simons,0.6016492375731332
66,Michael Porter Jr.,0.6007008176205573
67,Darius Days,0.6
68,Terry Rozier,0.5984060516007024
69,Collin Sexton,0.5981487949703108
70,Cade Cunningham,0.5972013993003499
71,Devin Vassell,0.5967235379000085
72,Boban Marjanovic,0.5961426066627703
73,Jaden Hardy,0.5928853754940712
74,CJ McCollum,0.5918767929941114
75,Paolo Banchero,0.5914310408692431
76,Deandre Ayton,0.5910676558738269
77,Jrue Holiday,0.5910652920962199
78,Bam Adebayo,0.5885296381832179
79,Bennedict Mathurin,0.58585313174946
80,Alec Burks,0.5808980755523877
81,RJ Barrett,0.5780650373661886
82,Tyler Herro,0.5767748565556221
83,Lindell Wigginton,0.5767012687427913
84,Brandon Boston Jr.,0.5759162303664921
85,Jerami Grant,0.5744822979291917
86,Malcolm Brogdon,0.5734602592040372
87,Willy Hernangomez,0.572427354162115
88,James Harden,0.5695550351288057
89,Franz Wagner,0.5692490512515813
90,Tony Bradley,0.5688622754491018
91,Jonas Valanciunas,0.5665074687531755
92,Jarrell Brantley,0.5641025641025641
93,Mikal Bridges,0.5639173866090713
94,Dejounte Murray,0.5624860770773
95,Jaylen Nowell,0.5624350882799393
96,Kevin Porter Jr.,0.5583279806314541
97,Lester Quinones,0.5524861878453038
98,Domantas Sabonis,0.551981283813423
99,D'Angelo Russell,0.5481532919578144
100,Russell Westbrook,0.5452065104901683
101,Malcolm Hill,0.5434782608695653
102,Bobby Portis,0.5427848658161021
103,Gary Trent Jr.,0.5420207743153919
104,Cameron Johnson,0.5417569594932489
105,Buddy Hield,0.5415206092106853
106,Moritz Wagner,0.540784136998648
107,Patrick Baldwin Jr.,0.5403011514614703
108,Aaron Gordon,0.5396331078779621
109,Jay Huff,0.5374077976817703
110,Thomas Bryant,0.5353675450762829
111,Josh Giddey,0.5322519325814218
112,Andrew Wiggins,0.5317987062085189
113,Talen Horton-Tucker,0.5315260432531221
114,Moses Brown,0.5270316218973138
115,Nikola Vucevic,0.5268715409263035
116,Fred VanVleet,0.5266272189349113
117,JaVale McGee,0.5246826516220028
118,Hamidou Diallo,0.524149010944874
119,Jaden Ivey,0.522501410406631
120,Brook Lopez,0.5222339304531085
121,James Wiseman,0.5189114391143911
122,Kevin Huerter,0.5175231523515526
123,A.J. Lawson,0.5170821791320407
124,Immanuel Quickley,0.515762979395077
125,Julian Champagnie,0.5154639175257731
126,Kendrick Nunn,0.5148432634419764
127,Wendell Carter Jr.,0.5137614678899083
128,Edmond Sumner,0.5134474327628361
129,Brandon Clarke,0.5127969911017338
130,Terence Davis,0.5124851367419738
131,John Wall,0.5114615078839273
132,Kris Dunn,0.5110132158590308
133,Alperen Sengun,0.5108951029621781
134,Dalano Banton,0.5098743267504489
135,Cameron Payne,0.5091397294226996
136,Marvin Bagley III,0.508833922261484
137,Zach Collins,0.5074274607802305
138,Lonnie Walker IV,0.5042405551272167
139,Cole Anthony,0.5032865059930404
140,Spencer Dinwiddie,0.5023300187135361
141,Jalen Smith,0.5020331560838286
142,Bogdan Bogdanovic,0.50112687259711
143,Kemba Walker,0.5003474635163307
144,Saddiq Bey,0.49889603983652
145,Jusuf Nurkic,0.49877820899813136
146,Doug McDermott,0.49764115050981583
147,Isaiah Joe,0.49523399985666167
148,Malik Beasley,0.48970426639912096
149,Skylar Mays,0.4872881355932203
150,Kira Lewis Jr.,0.4855195911413969
151,De'Andre Hunter,0.48409860745201355
152,Jordan Schakel,0.48387096774193544
153,Jared Butler,0.48366013071895425
154,Rui Hachimura,0.48226466575716237
155,Omer Yurtseven,0.4807692307692307
156,Dylan Windler,0.4807692307692307
157,P.J. Washington,0.4807530677424777
158,Josh Minott,0.47817047817047814
159,Nathan Knight,0.478156174750602
160,Jonathan Kuminga,0.47762478485370047
161,Svi Mykhailiuk,0.4744603547766617
162,Tim Hardaway Jr.,0.47346900845646317
163,Josh Christopher,0.47316204528109895
164,Obi Toppin,0.47310804378867205
165,Dillon Brooks,0.4728356591247798
166,O.G. Anunoby,0.471140545751771
167,Markelle Fultz,0.4707801338657967
168,Jakob Poeltl,0.4705944074287813
169,Jaden Springer,0.47032474804031354
170,Evan Mobley,0.4702979412956211
171,Andre Drummond,0.4699093157460841
172,Montrezl Harrell,0.4698282190574071
173,Trey Murphy III,0.46895424836601307
174,Mark Williams,0.4673913043478261
175,Chris Boucher,0.46734492943879224
176,Dewayne Dedmon,0.4669169404035664
177,Jock Landale,0.46601941747572817
178,Chimezie Metu,0.46589259796806964
179,Gordon Hayward,0.46483607077176736
180,Jalen Williams,0.46405343645631925
181,Seth Curry,0.4633682993309655
182,Harrison Barnes,0.46205860255447034
183,JaMychal Green,0.4593950043931216
184,Micah Potter,0.4580152671755725
185,T.J. Warren,0.4572593563419251
186,Jordan Nwora,0.45619055635047556
187,AJ Griffin,0.45597259882974167
188,RaiQuan Gray,0.45584045584045585
189,Keon Johnson,0.4538904899135447
190,Kenyon Martin Jr.,0.45327632841811366
191,Cody Zeller,0.45244690674053556
192,Austin Reaves,0.4519314236111111
193,Trey Lyles,0.4506093649775497
194,Daniel Theis,0.45036764705882354
195,Clint Capela,0.45026299057857927
196,Derrick Rose,0.4498372299496893
197,Dario Saric,0.4491315136476427
198,AJ Green,0.44650623369092496
199,Luguentz Dort,0.445784192923781
200,Tobias Harris,0.4454205837678065
201,Precious Achiuwa,0.4454186760192898
202,Keita Bates-Diop,0.4454082335123228
203,Scotty Pippen Jr.,0.4444444444444444
204,Shaedon Sharpe,0.4436073316091308
205,Jonathan Isaac,0.4435483870967742
206,Tre Jones,0.44109492362756464
207,Scottie Barnes,0.4403196892739767
208,Danny Green,0.43979812545061286
209,Braxton Key,0.43956043956043955
210,Daniel Gafford,0.43947138760753024
211,Derrick White,0.43849437330228946
212,John Collins,0.43717129977460556
213,Rudy Gobert,0.43704910402606467
214,Nick Richards,0.43688921737702224
215,Tre Mann,0.43687679567348314
216,Isaiah Jackson,0.4365345869711216
217,Jarrett Allen,0.4364668258186568
218,Kelly Olynyk,0.4362381540997116
219,Kevin Knox II,0.4360617841756856
220,Eric Gordon,0.4355125922157212
221,Malaki Branham,0.4343056272586474
222,Patty Mills,0.4341687257324391
223,Chris Paul,0.4336545589325426
224,Cedi Osman,0.4320868048827747
225,Jay Scrubb,0.4318936877076412
226,Eugene Omoruyi,0.430807376414071
227,Gabe York,0.43010752688172044
228,Tari Eason,0.4300588501584427
229,Luka Samanic,0.42910447761194026
230,Landry Shamet,0.4288015863180072
231,Simone Fontecchio,0.42831026377644293
232,Onyeka Okongwu,0.4278913772584659
233,Josh Richardson,0.4275627615062762
234,Sam Merrill,0.42735042735042733
235,T.J. McConnell,0.42583857442348005
236,Tyus Jones,0.4238424254924203
237,Nic Claxton,0.4232175100189369
238,Georges Niang,0.4213520306918905
239,Jeremy Sochan,0.42121149756465665
240,Bol Bol,0.4211505247774678
241,Ron Harper Jr.,0.42105263157894735
242,Jalen Suggs,0.42057950076250095
243,Mo Bamba,0.42035398230088494
244,Payton Pritchard,0.4200373366521469
245,Jose Alvarado,0.4198473282442748
246,Goran Dragic,0.41954022988505746
247,Davis Bertans,0.4188694591297275
248,Jeenathan Williams,0.4186413902053713
249,Reggie Jackson,0.4182509505703422
250,Neemias Queta,0.4181184668989547
251,Dennis Schroder,0.41794652298705876
252,Jae'Sean Tate,0.4177121771217712
253,Mason Plumlee,0.4174582298212285
254,Quenton Jackson,0.4160475482912333
255,Luke Kennard,0.41517755303779186
256,Santi Aldama,0.41386692037818873
257,Taurean Prince,0.41341719077568134
258,Coby White,0.4132470234654953
259,Jabari Smith Jr.,0.41216078351356866
260,Day'Ron Sharpe,0.4108597285067873
261,Nickeil Alexander-Walker,0.4106799411698156
262,Kevin Love,0.41064945542557485
263,Keegan Murray,0.40979132552378555
264,Jamal Cain,0.4083333333333333
265,Shake Milton,0.4064055123133852
266,Aaron Nesmith,0.4062981722087646
267,Max Strus,0.40625
268,Victor Oladipo,0.40611432706222866
269,Mike Muscala,0.40524812189186327
270,Bruce Brown,0.4049133581925861
271,Saben Lee,0.4042838018741633
272,Chris Duarte,0.403477485510477
273,Lindy Waters III,0.40316503391107766
274,Peyton Watson,0.4030091348737238
275,R.J. Hampton,0.4028815368196371
276,Devonte' Graham,0.4027196652719665
277,Damion Lee,0.4009825399986723
278,Nikola Jovic,0.40097799511002447
279,Isaiah Stewart,0.40096174245102895
280,Caris LeVert,0.4009296920395119
281,Jeff Green,0.4005132435157181
282,Marcus Morris Sr.,0.3988822530272314
283,Sandro Mamukelashvili,0.3986660603304532
284,Walker Kessler,0.3986613433536872
285,Dalen Terry,0.3973819541841982
286,Sam Hauser,0.3969299945732227
287,Furkan Korkmaz,0.39603960396039606
288,Jalen McDaniels,0.39468869256103295
289,Jaden McDaniels,0.39437202565694185
290,Aleksej Pokusevski,0.3935548267503209
291,Mike Conley,0.39347172230166166
292,Matt Ryan,0.39329464861379754
293,Terrence Ross,0.3923337091319053
294,Charles Bassey,0.3918094113014373
295,Corey Kispert,0.3917259828978168
296,Josh Okogie,0.3916777728417
297,Cam Reddish,0.3910670978172999
298,Naji Marshall,0.38950892857142855
299,Trendon Watford,0.38845633039945837
300,Duncan Robinson,0.388124547429399
301,Ochai Agbaji,0.3862057558716507
302,Johnny Davis,0.38570752484619025
303,Michael Carter-Williams,0.38202247191011235
304,Jaxson Hayes,0.3819046058023275
305,Will Barton,0.3816717019133938
306,Terance Mann,0.3808353808353808
307,Zeke Nnaji,0.38059906567738394
308,Grayson Allen,0.38030525835403883
309,Paul Reed,0.3800317796610169
310,MarJon Beauchamp,0.3792415169660679
311,Jalen Johnson,0.37922427035330264
312,Frank Kaminsky,0.378884631758195
313,Ty Jerome,0.3788621873467386
314,Meyers Leonard,0.3781882145998241
315,Bruno Fernando,0.3776845223401629
316,Ivica Zubac,0.3770627823361298
317,Quentin Grimes,0.3767268612381536
318,Robin Lopez,0.37520938023450584
319,Trevor Keels,0.375
320,Monte Morris,0.37497789045457225
321,Johnny Juzang,0.3745157124408093
322,Udonis Haslem,0.3744798890429959
323,Garrison Mathews,0.3744718053329448
324,Ziaire Williams,0.37446504992867335
325,Richaun Holmes,0.3739930955120828
326,David Duke Jr.,0.37280701754385964
327,Markieff Morris,0.3717262742889327
328,Stanley Johnson,0.3706070287539936
329,James Bouknight,0.3705140640155189
330,Ryan Rollins,0.37037037037037035
331,David Roddy,0.37028208184346445
332,Robert Covington,0.3698946827639353
333,Moses Moody,0.3695998041855342
334,Aaron Wiggins,0.36919993833821485
335,Jordan Goodwin,0.36819250949882393
336,Isaiah Mobley,0.3681710213776722
337,Joe Harris,0.3679937139863803
338,Nassir Little,0.3677901854318205
339,Oshae Brissett,0.3674298375184638
340,Shaquille Harrison,0.36697247706422015
341,Jalen Duren,0.36644512304652416
342,Goga Bitadze,0.36558669001751315
343,Jae Crowder,0.3650279658522226
344,Killian Hayes,0.36497028231797923
345,Gabe Vincent,0.3644737590265537
346,Xavier Tillman,0.36352851453266677
347,Darius Bazley,0.36351833820188245
348,Wenyen Gabriel,0.3633522172299277
349,Isaiah Roby,0.36317567567567566
350,De'Anthony Melton,0.36282444878593356
351,Evan Fournier,0.3597122302158273
352,Jevon Carter,0.35931118224969644
353,Marcus Smart,0.3592600163532298
354,Rudy Gay,0.3592447278077489
355,Jeremiah Robinson-Earl,0.35885461472287083
356,Patrick Williams,0.3586189082142242
357,Kyle Lowry,0.3580369098212726
358,Donte DiVincenzo,0.35789695945945943
359,Carlik Jones,0.35714285714285715
360,Xavier Moon,0.3571428571428571
361,Derrick Jones Jr.,0.357062905753302
362,Malachi Flynn,0.35610885929357267
363,Serge Ibaka,0.3559870550161812
364,Josh Green,0.3547297297297297
365,Xavier Sneed,0.3526970954356846
366,Kenrich Williams,0.3524046434494196
367,Romeo Langford,0.35177069761932966
368,Taj Gibson,0.34970857618651124
369,Rodney McGruder,0.3493033021569002
370,Jabari Walker,0.34883720930232553
371,Udoka Azubuike,0.3486750348675035
372,Cory Joseph,0.34788984846015963
373,Anthony Lamb,0.3472803347280335
374,Dwight Powell,0.3470745592976198
375,Yuta Watanabe,0.34705755550765255
376,Theo Maledon,0.34555464448869627
377,Kentavious Caldwell-Pope,0.34520409877372754
378,Deni Avdija,0.34498119184319936
379,Dereon Seabron,0.3448275862068966
380,Javonte Green,0.3435352904434728
381,Admiral Schofield,0.3434522490582761
382,Andrew Nembhard,0.3419339281408247
383,Dennis Smith Jr.,0.3410562670887898
384,McKinley Wright IV,0.3402985074626866
385,DeAndre Jordan,0.33964840416453324
386,Ousmane Dieng,0.3393704941093722
387,Robert Williams III,0.33879781420765026
388,Jordan Hall,0.3385731559854897
389,Keon Ellis,0.3385049365303244
390,Gorgui Dieng,0.3378944428930466
391,Terry Taylor,0.3378891419893698
392,Chance Comanche,0.3365384615384615
393,Gary Harris,0.3351908139142181
394,TyTy Washington Jr.,0.3351051536861567
395,Vlatko Cancar,0.3340832395950506
396,Herbert Jones,0.33273519610356317
397,Bryn Forbes,0.3324617108703773
398,Danuel House Jr.,0.33209417596034696
399,Jason Preston,0.33117932148626816
400,Kyle Anderson,0.3306756618624144
401,Jarred Vanderbilt,0.32930786827685266
402,Caleb Martin,0.3287288828993599
403,Ayo Dosunmu,0.3275171624713959
404,Drew Eubanks,0.32708214939698177
405,Luke Kornet,0.32458649421713714
406,Mamadi Diakite,0.32404775440591244
407,Pat Connaughton,0.32300547584390377
408,Jarrett Culver,0.32140248356464574
409,Justin Champagnie,0.3206997084548105
410,Tyrese Martin,0.32061068702290074
411,Al Horford,0.32059956281877794
412,Larry Nance Jr.,0.3193800695249131
413,Steven Adams,0.3185387805523692
414,Jack White,0.3181818181818182
415,Trevor Hudgins,0.31802120141342755
416,Olivier Sarr,0.31690140845070425
417,Jaylin Williams,0.31502953401881423
418,James Johnson,0.31403940886699505
419,Grant Williams,0.31347809076682315
420,Bryce McGowens,0.312579415501906
421,Anthony Gill,0.31219980787704127
422,Davion Mitchell,0.31098825155494125
423,Raul Neto,0.3107680126682502
424,Garrett Temple,0.3090234857849196
425,Kevon Harris,0.3085339168490153
426,Marko Simonovic,0.3061224489795918
427,Christian Braun,0.30480060960121924
428,Joe Ingles,0.3037853378054624
429,Josh Hart,0.30277098614506925
430,Delon Wright,0.3021618080576482
431,Ricky Rubio,0.30212014134275617
432,Xavier Cooks,0.302066772655008
433,Torrey Craig,0.30187904302289764
434,Moussa Diabate,0.30179028132992325
435,Thaddeus Young,0.3016970458830924
436,Bismack Biyombo,0.3008809060748198
437,Greg Brown III,0.30075187969924816
438,Otto Porter Jr.,0.3007518796992481
439,Trevelin Queen,0.3
440,Joshua Primo,0.29978586723768735
441,Blake Griffin,0.29882228862717525
442,Damian Jones,0.2974444909928781
443,Isaac Okoro,0.29650248093912623
444,Kevon Looney,0.29525950143032287
445,Theo Pinson,0.29411764705882354
446,Lamar Stevens,0.2927264614011602
447,Aaron Holiday,0.2922039512599077
448,Miles McBride,0.2920284135753749
449,Troy Brown Jr.,0.29089149370900097
450,Justin Holiday,0.2903271491290185
451,JD Davison,0.289193302891933
452,Isaiah Livers,0.28864603320263615
453,Vince Williams Jr.,0.28680688336520077
454,Kai Jones,0.2856622998544396
455,Nicolas Batum,0.2795975666822649
456,Royce O'Neale,0.27851568985555375
457,George Hill,0.27841113644545784
458,Dru Smith,0.2777777777777778
459,PJ Dozier,0.27742749054224464
460,Kennedy Chandler,0.27708703374777977
461,Amir Coffey,0.2750679673756597
462,Wendell Moore Jr.,0.275049115913556
463,Blake Wesley,0.2749962636377223
464,Gary Payton II,0.27475516866158867
465,Dorian Finney-Smith,0.2742931103146157
466,Ish Wainright,0.27428696317342366
467,Mitchell Robinson,0.2737915407854985
468,Orlando Robinson,0.27287697012467654
469,Ish Smith,0.27142498115104297
470,JT Thor,0.2704376548307184
471,Dominick Barlow,0.2698724239450441
472,Draymond Green,0.26854108635097496
473,Alex Len,0.2667493796526055
474,Khem Birch,0.2657601977750309
475,Ben Simmons,0.26334841628959277
476,Cody Martin,0.2617801047120419
477,Davon Reed,0.25985401459854013
478,Kessler Edwards,0.2592016588906169
479,Jake LaRavia,0.25343953656770457
480,Chima Moneke,0.2531645569620253
481,Justise Winslow,0.2526424336169116
482,Austin Rivers,0.2509101643215586
483,Max Christie,0.2498048399687744
484,Isaiah Hartenstein,0.24935511607910577
485,Thanasis Antetokounmpo,0.24733268671193018
486,Daishen Nix,0.24715660542432197
487,Chuma Okeke,0.2471042471042471
488,Matisse Thybulle,0.2440853048983672
489,John Konchar,0.2436738519212746
490,Haywood Highsmith,0.24344955642665567
491,Caleb Houstan,0.23762620044324057
492,Alex Caruso,0.23740002539037702
493,Jordan McLaughlin,0.23728813559322035
494,Alize Johnson,0.23728813559322035
495,Reggie Bullock,0.23725946288855995
496,Maxi Kleber,0.23661002366100237
497,Jeff Dowtin Jr.,0.23579435639737148
498,Usman Garuba,0.23191094619666047
499,Dean Wade,0.231045311799013
500,Patrick Beverley,0.2284613267272227
501,Jared Rhoden,0.22738756947953512
502,Christian Koloko,0.2269892741332003
503,Kendall Brown,0.22332506203473948
504,Frank Ntilikina,0.22218564845292954
505,Juan Toscano-Anderson,0.22139694329381515
506,Matthew Dellavedova,0.22086466165413532
507,Jericho Sims,0.2191038897095027
508,Cole Swider,0.218978102189781
509,Wesley Matthews,0.21818625060945881
510,Dyson Daniels,0.21782938297668172
511,Vit Krejci,0.21765417170495768
512,Jamaree Bouyea,0.2127659574468085
513,Vernon Carey Jr.,0.21052631578947367
514,John Butler Jr.,0.203527815468114
515,Juancho Hernangomez,0.19885900570497148
516,Facundo Campazzo,0.19157088122605362
517,Justin Minaya,0.19144144144144146
518,Trent Forrest,0.18772563176895307
519,Justin Jackson,0.186219739292365
520,KZ Okpala,0.18548387096774194
521,Joe Wieskamp,0.18108651911468812
522,Kobi Simmons,0.17985611510791366
523,Nerlens Noel,0.179763739085773
524,Buddy Boeheim,0.17758046614872366
525,Mfiondu Kabengele,0.16483516483516483
526,Andre Iguodala,0.15097690941385436
527,Ryan Arcidiacono,0.15081206496519722
528,Isaiah Todd,0.1465798045602606
529,Noah Vonleh,0.1456876456876457
530,P.J. Tucker,0.13853445133065986
531,Leandro Bolmaro,0.08759124087591241
532,Jacob Gilyard,0.07352941176470588
533,Devon Dotson,0.05649717514124294
