,age,pname,avg_points
0,19,GG Jackson,14.5625
1,20,Victor Wembanyama,21.43661971830986
2,21,Paolo Banchero,22.55
3,22,Anthony Edwards,25.936708860759495
4,23,Tyrese Maxey,25.942857142857143
5,24,Ja Morant,25.11111111111111
6,25,Luka Dončić,33.857142857142854
7,26,Jayson Tatum,26.85135135135135
8,27,Jalen Brunson,28.727272727272727
9,28,Kyle Kuzma,22.185714285714287
10,29,Giannis Antetokounmpo,30.438356164383563
11,30,Joel Embiid,34.69230769230769
12,31,Anthony Davis,24.68421052631579
13,32,Kyrie Irving,25.637931034482758
14,33,Damian Lillard,24.315068493150687
15,34,DeMar DeRozan,24.0126582278481
16,35,Kevin Durant,27.093333333333334
17,36,Stephen Curry,26.43243243243243
18,37,Jeff Green,6.5256410256410255
19,38,Al Horford,8.646153846153846
20,39,LeBron James,25.661971830985916
