,pname,avg_assists
0,Tyrese Haliburton,10.898550724637682
1,Trae Young,10.796296296296296
2,Luka Dončić,9.8
3,Nikola Jokić,8.962025316455696
4,James Harden,8.527777777777779
5,LeBron James,8.295774647887324
6,Domantas Sabonis,8.207317073170731
7,Ja Morant,8.11111111111111
8,Fred VanVleet,8.068493150684931
9,LaMelo Ball,8.0
10,Cade Cunningham,7.483870967741935
11,Tyus Jones,7.348484848484849
12,Damian Lillard,6.958904109589041
13,Devin Booker,6.9411764705882355
14,Chris Paul,6.775862068965517
15,Jalen Brunson,6.740259740259741
16,Darius Garland,6.543859649122807
17,Giannis Antetokounmpo,6.52054794520548
18,Jamal Murray,6.508474576271187
19,Dejounte Murray,6.435897435897436
20,D'Angelo Russell,6.342105263157895
21,Tre Jones,6.207792207792208
22,Shai Gilgeous-Alexander,6.2
23,Tyrese Maxey,6.185714285714286
24,Dennis Schröder,6.1
25,Donovan Mitchell,6.054545454545455
26,Scottie Barnes,6.05
27,Draymond Green,6.036363636363636
28,Mike Conley,5.907894736842105
29,Ben Simmons,5.733333333333333
30,Brandon Ingram,5.671875
31,De'Aaron Fox,5.648648648648648
32,Joel Embiid,5.615384615384615
33,Terry Rozier,5.60655737704918
34,Anfernee Simons,5.543478260869565
35,T.J. McConnell,5.492957746478873
36,Austin Reaves,5.487804878048781
37,Malcolm Brogdon,5.487179487179487
38,Desmond Bane,5.476190476190476
39,Scoot Henderson,5.419354838709677
40,Paolo Banchero,5.3875
41,DeMar DeRozan,5.329113924050633
42,Khris Middleton,5.3090909090909095
43,Derrick White,5.164383561643835
44,Kyrie Irving,5.155172413793103
45,Malik Monk,5.138888888888889
46,Anthony Edwards,5.1265822784810124
47,Coby White,5.1265822784810124
48,Stephen Curry,5.121621621621622
49,Caris LeVert,5.088235294117647
50,Kevin Durant,5.04
51,Jordan Clarkson,5.036363636363636
52,Zion Williamson,5.0285714285714285
53,Bradley Beal,5.0
54,Julius Randle,4.978260869565218
55,Jimmy Butler III,4.966666666666667
56,Alperen Sengun,4.9523809523809526
57,Jayson Tatum,4.918918918918919
58,Collin Sexton,4.910256410256411
59,Killian Hayes,4.880952380952381
60,Immanuel Quickley,4.867647058823529
61,Jrue Holiday,4.826086956521739
62,Josh Giddey,4.825
63,Spencer Dinwiddie,4.684210526315789
64,Scotty Pippen Jr.,4.666666666666667
65,CJ McCollum,4.621212121212121
66,Jalen Williams,4.535211267605634
67,Russell Westbrook,4.5
68,Tyler Herro,4.476190476190476
69,Kelly Olynyk,4.448717948717949
70,Keyonte George,4.426666666666667
71,Jordan Poole,4.397435897435898
72,Vasilije Micić,4.366666666666666
73,Marcus Smart,4.3
74,Pascal Siakam,4.275
75,Kyle Kuzma,4.228571428571429
76,Kyle Lowry,4.216666666666667
77,Kyle Anderson,4.189873417721519
78,Andrew Nembhard,4.117647058823529
79,Josh Hart,4.08641975308642
80,Devin Vassell,4.073529411764706
81,Max Strus,4.042857142857143
82,Tre Mann,4.024390243902439
83,Jusuf Nurkić,3.960526315789474
84,Zach LaVine,3.92
85,Bam Adebayo,3.915492957746479
86,Victor Wembanyama,3.859154929577465
87,Kris Dunn,3.8484848484848486
88,Jaden Ivey,3.844155844155844
89,Deni Avdija,3.8133333333333335
90,Reggie Jackson,3.7560975609756095
91,Franz Wagner,3.736111111111111
92,Cody Martin,3.7142857142857144
93,Brandin Podziemski,3.689189189189189
94,Mikal Bridges,3.6463414634146343
95,Jalen Johnson,3.625
96,Dennis Smith Jr.,3.625
97,Kawhi Leonard,3.588235294117647
98,Zavier Simpson,3.5714285714285716
99,Jaylen Brown,3.557142857142857
100,Jalen Green,3.548780487804878
101,Aaron Gordon,3.547945205479452
102,Paul George,3.5405405405405403
103,Anthony Davis,3.5
104,Luke Kennard,3.4871794871794872
105,Alex Caruso,3.4788732394366195
106,Talen Horton-Tucker,3.4705882352941178
107,Payton Pritchard,3.426829268292683
108,Ish Smith,3.372093023255814
109,Vince Williams Jr.,3.3653846153846154
110,Jeremy Sochan,3.364864864864865
111,Miles Bridges,3.347826086956522
112,Nikola Vučević,3.3421052631578947
113,Jacob Gilyard,3.341463414634146
114,RJ Barrett,3.3275862068965516
115,Marcus Sasser,3.323943661971831
116,Derrick Rose,3.25
117,Evan Mobley,3.2
118,Ayo Dosunmu,3.1842105263157894
119,Jared Butler,3.15
120,Bogdan Bogdanović,3.1265822784810124
121,Tobias Harris,3.1
122,Gordon Hayward,3.0980392156862746
123,Karl-Anthony Towns,3.0483870967741935
124,Grayson Allen,3.026666666666667
125,De'Anthony Melton,3.0
126,Kobi Simmons,3.0
127,Joe Ingles,2.985294117647059
128,Shaedon Sharpe,2.9375
129,Cole Anthony,2.9135802469135803
130,Cam Thomas,2.909090909090909
131,Patrick Beverley,2.904109589041096
132,DeJon Jarreau,2.888888888888889
133,Bruce Brown,2.8656716417910446
134,Danté Exum,2.8545454545454545
135,Ashton Hagans,2.8421052631578947
136,Keldon Johnson,2.8260869565217392
137,Duncan Robinson,2.823529411764706
138,Jerami Grant,2.814814814814815
139,Zach Collins,2.8115942028985508
140,Buddy Hield,2.8095238095238093
141,Markelle Fultz,2.7906976744186047
142,Royce O'Neale,2.7721518987341773
143,Jalen Suggs,2.7333333333333334
144,Jarrett Allen,2.727272727272727
145,Blake Wesley,2.721311475409836
146,Jordan Goodwin,2.719298245614035
147,Dyson Daniels,2.6885245901639343
148,Donte DiVincenzo,2.6666666666666665
149,Amen Thompson,2.629032258064516
150,Cameron Payne,2.628205128205128
151,Herbert Jones,2.6184210526315788
152,Jaime Jaquez Jr.,2.6
153,Kevin Huerter,2.59375
154,Al Horford,2.5846153846153848
155,Jakob Poeltl,2.54
156,Delon Wright,2.5319148936170213
157,Bones Hyland,2.5135135135135136
158,Isaiah Hartenstein,2.506666666666667
159,Nickeil Alexander-Walker,2.4878048780487805
160,Josh Richardson,2.441860465116279
161,Chet Holmgren,2.4390243902439024
162,Trent Forrest,2.4210526315789473
163,Jalen Duren,2.4098360655737703
164,Kentavious Caldwell-Pope,2.4078947368421053
165,Cameron Johnson,2.3793103448275863
166,Brandon Miller,2.364864864864865
167,Dalano Banton,2.3518518518518516
168,Jaren Jackson Jr.,2.3333333333333335
169,Craig Porter Jr.,2.3137254901960786
170,Jontay Porter,2.3076923076923075
171,Grant Williams,2.289473684210526
172,Klay Thompson,2.2857142857142856
173,Jason Preston,2.2857142857142856
174,Josh Green,2.280701754385965
175,Vít Krejčí,2.272727272727273
176,Santi Aldama,2.262295081967213
177,Dario Šarić,2.25
178,Jeff Dowtin Jr.,2.25
179,Skylar Mays,2.236842105263158
180,Caleb Martin,2.234375
181,Jonathan Kuminga,2.2027027027027026
182,Trey Murphy III,2.175438596491228
183,OG Anunoby,2.14
184,Nicolas Batum,2.1333333333333333
185,Devonte' Graham,2.130434782608696
186,Pat Connaughton,2.1184210526315788
187,Jonas Valančiūnas,2.1097560975609757
188,Kevin Love,2.090909090909091
189,Monté Morris,2.090909090909091
190,Jose Alvarado,2.0892857142857144
191,Malaki Branham,2.08
192,Nic Claxton,2.0704225352112675
193,Eric Gordon,2.0441176470588234
194,Kristaps Porziņģis,2.017543859649123
195,Bennedict Mathurin,2.016949152542373
196,Lauri Markkanen,2.0
197,John Konchar,2.0
198,RaiQuan Gray,2.0
199,Adam Flagler,2.0
200,Markquis Nowell,2.0
201,Jordan McLaughlin,1.9642857142857142
202,Corey Kispert,1.9625
203,Nikola Jović,1.9565217391304348
204,Naji Marshall,1.9393939393939394
205,P.J. Washington,1.9315068493150684
206,Isaac Okoro,1.9130434782608696
207,Gabe Vincent,1.9090909090909092
208,Ausar Thompson,1.9047619047619047
209,Malachi Flynn,1.8840579710144927
210,Davion Mitchell,1.8611111111111112
211,Larry Nance Jr.,1.8524590163934427
212,Javon Freeman-Liberty,1.8181818181818181
213,Kevon Looney,1.7972972972972974
214,Aaron Holiday,1.794871794871795
215,Sam Merrill,1.7704918032786885
216,Tim Hardaway Jr.,1.759493670886076
217,Bilal Coulibaly,1.746031746031746
218,Wendell Carter Jr.,1.7272727272727273
219,Thaddeus Young,1.7272727272727273
220,Brice Sensabaugh,1.71875
221,Bojan Bogdanović,1.7017543859649122
222,Miles McBride,1.6764705882352942
223,Gary Trent Jr.,1.676056338028169
224,Andrew Wiggins,1.676056338028169
225,Keegan Murray,1.6753246753246753
226,Jake LaRavia,1.6571428571428573
227,Dillon Brooks,1.6527777777777777
228,Cedi Osman,1.6527777777777777
229,Theo Maledon,1.6470588235294117
230,Deandre Ayton,1.6363636363636365
231,Cory Joseph,1.6153846153846154
232,Gary Harris,1.6111111111111112
233,Christian Braun,1.6097560975609757
234,Brook Lopez,1.6075949367088607
235,Jaylin Williams,1.5942028985507246
236,Jabari Smith Jr.,1.5921052631578947
237,Rayan Rupert,1.5897435897435896
238,Kobe Bufkin,1.588235294117647
239,Isaiah Stewart,1.5869565217391304
240,Terance Mann,1.5866666666666667
241,Maxi Kleber,1.5813953488372092
242,Dorian Finney-Smith,1.5735294117647058
243,Kenneth Lofton Jr.,1.5714285714285714
244,Obi Toppin,1.5609756097560976
245,Dru Smith,1.5555555555555556
246,Daniel Gafford,1.554054054054054
247,Patrick Williams,1.5348837209302326
248,Simone Fontecchio,1.5303030303030303
249,De'Andre Hunter,1.5263157894736843
250,Taurean Prince,1.5256410256410255
251,Michael Porter Jr.,1.5061728395061729
252,Aaron Nesmith,1.5
253,Evan Fournier,1.5
254,Brandon Clarke,1.5
255,Xavier Moon,1.5
256,Ty Jerome,1.5
257,Dariq Whitehead,1.5
258,Jaden Hardy,1.4931506849315068
259,Keon Ellis,1.4912280701754386
260,Kelly Oubre Jr.,1.4852941176470589
261,Ziaire Williams,1.4705882352941178
262,Cason Wallace,1.4634146341463414
263,Jaylen Nowell,1.4615384615384615
264,Saddiq Bey,1.4603174603174602
265,Luguentz Dort,1.4303797468354431
266,Xavier Tillman,1.4259259259259258
267,Jaden McDaniels,1.4027777777777777
268,Day'Ron Sharpe,1.3934426229508197
269,Julian Champagnie,1.3918918918918919
270,Matisse Thybulle,1.3846153846153846
271,Dalen Terry,1.3728813559322033
272,Ivica Zubac,1.3676470588235294
273,Malik Beasley,1.3670886075949367
274,Kenrich Williams,1.3478260869565217
275,Onyeka Okongwu,1.3454545454545455
276,Rudy Gobert,1.3421052631578947
277,Alec Burks,1.3333333333333333
278,Dwight Powell,1.3333333333333333
279,Paul Reed,1.329268292682927
280,Bismack Biyombo,1.325
281,Kira Lewis Jr.,1.3214285714285714
282,Jae Crowder,1.32
283,Anthony Black,1.318840579710145
284,Precious Achiuwa,1.3108108108108107
285,Naz Reid,1.308641975308642
286,Jevon Carter,1.3055555555555556
287,Tristan Vukcevic,1.3
288,Myles Turner,1.2987012987012987
289,Quentin Grimes,1.2941176470588236
290,Kris Murray,1.2903225806451613
291,Trendon Watford,1.2857142857142858
292,Trevelin Queen,1.2857142857142858
293,Lonnie Walker IV,1.2758620689655173
294,Goga Bitadze,1.2741935483870968
295,Isaiah Joe,1.2692307692307692
296,Bobby Portis,1.2682926829268293
297,Justin Champagnie,1.2666666666666666
298,Shake Milton,1.25
299,Aleksej Pokusevski,1.25
300,Saben Lee,1.25
301,David Duke Jr.,1.25
302,Tazé Moore,1.25
303,JD Davison,1.25
304,Clint Capela,1.2465753424657535
305,Toumani Camara,1.2428571428571429
306,Trey Lyles,1.2413793103448276
307,Jarred Vanderbilt,1.2413793103448276
308,David Roddy,1.2307692307692308
309,GG Jackson,1.2291666666666667
310,Tari Eason,1.2272727272727273
311,Jamaree Bouyea,1.2222222222222223
312,Jarace Walker,1.2121212121212122
313,Harrison Barnes,1.2073170731707317
314,Trayce Jackson-Davis,1.2058823529411764
315,Moritz Wagner,1.2
316,Mason Plumlee,1.1956521739130435
317,Georges Niang,1.1951219512195121
318,Jordan Nwora,1.1923076923076923
319,Rui Hachimura,1.1911764705882353
320,Landry Shamet,1.173913043478261
321,Jock Landale,1.1607142857142858
322,Mark Williams,1.1578947368421053
323,Nick Smith Jr.,1.1568627450980393
324,Justin Holiday,1.1551724137931034
325,Johnny Juzang,1.15
326,Jahmi'us Ramsey,1.1428571428571428
327,Gradey Dick,1.1333333333333333
328,John Collins,1.1323529411764706
329,Collin Gillespie,1.125
330,Danilo Gallinari,1.1224489795918366
331,Ousmane Dieng,1.121212121212121
332,Charles Bassey,1.105263157894737
333,Aaron Wiggins,1.1025641025641026
334,Marvin Bagley III,1.1
335,Torrey Craig,1.0943396226415094
336,Doug McDermott,1.09375
337,Dereck Lively II,1.0909090909090908
338,Gary Payton II,1.0909090909090908
339,Dominick Barlow,1.0909090909090908
340,Isaiah Livers,1.0869565217391304
341,Amir Coffey,1.0857142857142856
342,Trey Jemison III,1.08
343,Norman Powell,1.0789473684210527
344,Ryan Rollins,1.0769230769230769
345,Peyton Watson,1.075
346,Josh Okogie,1.0666666666666667
347,Sandro Mamukelashvili,1.065217391304348
348,Ochai Agbaji,1.064102564102564
349,Luke Kornet,1.0634920634920635
350,Patty Mills,1.0625
351,Haywood Highsmith,1.0606060606060606
352,Jalen Wilson,1.0465116279069768
353,Jordan Hawkins,1.044776119402985
354,Alex Len,1.0416666666666667
355,Tristan Thompson,1.0408163265306123
356,Sam Hauser,1.0379746835443038
357,Garrett Temple,1.037037037037037
358,Jalen Smith,1.0327868852459017
359,Bruno Fernando,1.0222222222222221
360,Troy Brown Jr.,1.0169491525423728
361,Daniel Theis,1.0166666666666666
362,Cam Reddish,1.0
363,Seth Curry,1.0
364,Brandon Williams,1.0
365,Dexter Dennis,1.0
366,Timmy Allen,1.0
367,Henri Drell,1.0
368,D.J. Wilson,1.0
369,R.J. Hampton,1.0
370,Mason Jones,1.0
371,Ron Harper Jr.,1.0
372,Derrick Jones Jr.,0.9868421052631579
373,Jabari Walker,0.9861111111111112
374,Duop Reath,0.9852941176470589
375,Jae'Sean Tate,0.9846153846153847
376,Christian Wood,0.98
377,Lester Quinones,0.972972972972973
378,Orlando Robinson,0.9444444444444444
379,Tosan Evbuomwan,0.9411764705882353
380,Julian Strawther,0.94
381,Walker Kessler,0.9375
382,Ben Sheppard,0.9298245614035088
383,Leaky Black,0.9230769230769231
384,Cody Zeller,0.9069767441860465
385,Chimezie Metu,0.9019607843137255
386,Jaden Springer,0.8979591836734694
387,Jeff Green,0.8974358974358975
388,Max Christie,0.8955223880597015
389,James Johnson,0.8888888888888888
390,Andre Jackson Jr.,0.8771929824561403
391,Bryce McGowens,0.864406779661017
392,Moses Moody,0.8636363636363636
393,James Wiseman,0.8571428571428571
394,Svi Mykhailiuk,0.8536585365853658
395,KJ Martin,0.85
396,Jules Bernard,0.8421052631578947
397,Drew Eubanks,0.84
398,Isaiah Jackson,0.8333333333333334
399,Sidy Cissoko,0.8333333333333334
400,Robert Williams III,0.8333333333333334
401,Dereon Seabron,0.8333333333333334
402,Pat Spencer,0.8333333333333334
403,Robert Covington,0.8275862068965517
404,Danuel House Jr.,0.8235294117647058
405,Jared Rhoden,0.8235294117647058
406,T.J. Warren,0.8181818181818182
407,Dāvis Bertāns,0.813953488372093
408,Eugene Omoruyi,0.813953488372093
409,Nick Richards,0.8059701492537313
410,Taylor Hendricks,0.8
411,Oshae Brissett,0.8
412,Frank Ntilikina,0.8
413,Dean Wade,0.7962962962962963
414,Noah Clowney,0.782608695652174
415,Darius Bazley,0.7777777777777778
416,Jalen Pickett,0.7777777777777778
417,Patrick Baldwin Jr.,0.7631578947368421
418,Terquavion Smith,0.75
419,D.J. Carton,0.75
420,Chris Duarte,0.7457627118644068
421,Kevin Knox II,0.7419354838709677
422,Jalen McDaniels,0.74
423,Lamar Stevens,0.7368421052631579
424,Marcus Morris Sr.,0.7346938775510204
425,DeAndre Jordan,0.7222222222222222
426,Mo Bamba,0.7192982456140351
427,Keita Bates-Diop,0.7169811320754716
428,Neemias Queta,0.7142857142857143
429,Furkan Korkmaz,0.7142857142857143
430,D'Moi Hodge,0.7142857142857143
431,Cam Whitmore,0.7021276595744681
432,Amari Bailey,0.7
433,Mike Muscala,0.6981132075471698
434,Anthony Gill,0.68
435,Colby Jones,0.6666666666666666
436,Emoni Bates,0.6666666666666666
437,Nate Hinton,0.6666666666666666
438,Mouhamed Gueye,0.6666666666666666
439,Greg Brown III,0.6666666666666666
440,Quenton Jackson,0.6666666666666666
441,MarJon Beauchamp,0.6458333333333334
442,Matt Ryan,0.6428571428571429
443,Johnny Davis,0.64
444,Wesley Matthews,0.6388888888888888
445,Lindy Waters III,0.631578947368421
446,Richaun Holmes,0.625
447,Joe Harris,0.625
448,Justin Minaya,0.6176470588235294
449,Markieff Morris,0.6153846153846154
450,Gui Santos,0.6086956521739131
451,Thomas Bryant,0.6052631578947368
452,Omer Yurtseven,0.6041666666666666
453,Keon Johnson,0.6
454,Isaiah Mobley,0.6
455,Wenyen Gabriel,0.6
456,Ibou Badji,0.5909090909090909
457,Dylan Windler,0.5882352941176471
458,Mitchell Robinson,0.5806451612903226
459,Kobe Brown,0.5681818181818182
460,Onuralp Bitim,0.5652173913043478
461,Garrison Mathews,0.5606060606060606
462,Javonte Green,0.5555555555555556
463,Jericho Sims,0.5555555555555556
464,Jordan Walsh,0.5555555555555556
465,Zeke Nnaji,0.5517241379310345
466,Olivier-Maxence Prosper,0.55
467,Taj Gibson,0.55
468,Jeremiah Robinson-Earl,0.5384615384615384
469,AJ Green,0.5357142857142857
470,Otto Porter Jr.,0.5333333333333333
471,Jonathan Isaac,0.5172413793103449
472,P.J. Tucker,0.5161290322580645
473,Ricky Council IV,0.5
474,Armoni Brooks,0.5
475,Matt Hurt,0.5
476,Thanasis Antetokounmpo,0.5
477,Isaiah Thomas,0.5
478,Kevon Harris,0.5
479,Hamidou Diallo,0.5
480,Danny Green,0.5
481,Caleb Houstan,0.4915254237288136
482,A.J. Lawson,0.47619047619047616
483,Jaxson Hayes,0.4714285714285714
484,Leonard Miller,0.47058823529411764
485,Andre Drummond,0.46835443037974683
486,Nassir Little,0.4666666666666667
487,JT Thor,0.4603174603174603
488,Chris Boucher,0.46
489,Stanley Umude,0.4583333333333333
490,Mouhamadou Gueye,0.45454545454545453
491,TyTy Washington Jr.,0.45454545454545453
492,Sasha Vezenkov,0.4523809523809524
493,Braxton Key,0.45
494,Keyontae Johnson,0.4444444444444444
495,Luka Samanic,0.4418604651162791
496,Yuta Watanabe,0.4411764705882353
497,James Bouknight,0.42857142857142855
498,Boban Marjanović,0.42857142857142855
499,Chuma Okeke,0.425531914893617
500,Brandon Boston,0.40625
501,Daishen Nix,0.4
502,Bol Bol,0.3953488372093023
503,Damian Jones,0.38461538461538464
504,Jamal Cain,0.38461538461538464
505,Jalen Hood-Schifino,0.38095238095238093
506,Micah Potter,0.375
507,JaVale McGee,0.3695652173913043
508,Marques Bolden,0.36363636363636365
509,Moussa Diabaté,0.36363636363636365
510,Juan Toscano-Anderson,0.36363636363636365
511,Nathan Mensah,0.36
512,Reggie Bullock Jr.,0.3409090909090909
513,Jett Howard,0.3333333333333333
514,Kendall Brown,0.3333333333333333
515,Jacob Toppin,0.3333333333333333
516,Jordan Ford,0.3333333333333333
517,Mamadi Diakite,0.3333333333333333
518,Drew Peterson,0.3333333333333333
519,Julian Phillips,0.325
520,Terry Taylor,0.3225806451612903
521,Moses Brown,0.3181818181818182
522,Nate Williams,0.3181818181818182
523,Admiral Schofield,0.30434782608695654
524,Buddy Boeheim,0.3
525,DaQuan Jeffries,0.29411764705882354
526,Maozinha Pereira,0.2857142857142857
527,Malik Williams,0.2857142857142857
528,Kessler Edwards,0.2777777777777778
529,Cole Swider,0.2777777777777778
530,Harry Giles III,0.2608695652173913
531,Josh Minott,0.25
532,AJ Griffin,0.25
533,Oscar Tshiebwe,0.25
534,Robin Lopez,0.25
535,Jack White,0.25
536,Wendell Moore Jr.,0.24
537,Chris Livingston,0.23809523809523808
538,Jerome Robinson,0.22727272727272727
539,Jermaine Samuels Jr.,0.21428571428571427
540,Ryan Arcidiacono,0.2
541,Udoka Azubuike,0.1875
542,Colin Castleton,0.1875
543,Maxwell Lewis,0.17647058823529413
544,Jalen Slawson,0.16666666666666666
545,Usman Garuba,0.16666666666666666
546,Luka Garza,0.16
547,Olivier Sarr,0.13333333333333333
548,E.J. Liddell,0.125
549,Hunter Tyson,0.1111111111111111
550,Jay Huff,0.1
551,Ish Wainright,0.09090909090909091
552,Adama Sanogo,0.0
553,Alex Fudge,0.0
554,Seth Lundy,0.0
555,Jordan Miller,0.0
556,Charlie Brown Jr.,0.0
557,Lindell Wigginton,0.0
558,Alondes Williams,0.0
559,Izaiah Brockington,0.0
560,Filip Petrusev,0.0
561,Pete Nance,0.0
562,Isaiah Wong,0.0
563,Joshua Primo,0.0
564,Shaquille Harrison,0.0
565,Andrew Funk,0.0
566,Dmytro Skapintsev,0.0
567,Jalen Crutcher,0.0
568,Javonte Smart,0.0
569,Justin Jackson,0.0
570,Kaiser Gates,0.0
571,Malcolm Cazalon,0.0
