,pname,avg_rebounds
0,Domantas Sabonis,13.658536585365853
1,Rudy Gobert,12.921052631578947
2,Anthony Davis,12.644736842105264
3,Nikola Jokić,12.354430379746836
4,Jalen Duren,11.62295081967213
5,Giannis Antetokounmpo,11.520547945205479
6,Deandre Ayton,11.072727272727272
7,Joel Embiid,11.025641025641026
8,Jusuf Nurkić,11.013157894736842
9,Victor Wembanyama,10.633802816901408
10,Clint Capela,10.63013698630137
11,Nikola Vučević,10.539473684210526
12,Jarrett Allen,10.532467532467532
13,Bam Adebayo,10.380281690140846
14,Nic Claxton,9.943661971830986
15,Mark Williams,9.68421052631579
16,Evan Mobley,9.36
17,Alperen Sengun,9.34920634920635
18,Luka Dončić,9.242857142857142
19,Ivica Zubac,9.205882352941176
20,Julius Randle,9.195652173913043
21,Andre Drummond,8.962025316455696
22,Jonas Valančiūnas,8.792682926829269
23,Jalen Johnson,8.714285714285714
24,Jakob Poeltl,8.58
25,Mitchell Robinson,8.483870967741936
26,John Collins,8.455882352941176
27,Isaiah Hartenstein,8.346666666666666
28,Josh Hart,8.333333333333334
29,Karl-Anthony Towns,8.306451612903226
30,Scottie Barnes,8.233333333333333
31,Lauri Markkanen,8.163636363636364
32,Jayson Tatum,8.121621621621621
33,Jabari Smith Jr.,8.105263157894736
34,Nick Richards,8.044776119402986
35,Ben Simmons,7.933333333333334
36,Chet Holmgren,7.902439024390244
37,Daniel Gafford,7.594594594594595
38,Walker Kessler,7.515625
39,Javonte Green,7.444444444444445
40,Bobby Portis,7.402439024390244
41,Miles Bridges,7.318840579710145
42,LeBron James,7.295774647887324
43,Draymond Green,7.236363636363636
44,Deni Avdija,7.2
45,Kristaps Porziņģis,7.175438596491228
46,Pascal Siakam,7.0625
47,Jabari Walker,7.055555555555555
48,Michael Porter Jr.,6.9753086419753085
49,Tari Eason,6.954545454545454
50,Wendell Carter Jr.,6.927272727272728
51,Paolo Banchero,6.925
52,Myles Turner,6.922077922077922
53,Dereck Lively II,6.872727272727273
54,Onyeka Okongwu,6.836363636363636
55,Isaiah Stewart,6.630434782608695
56,Kyle Kuzma,6.628571428571429
57,Kevin Durant,6.6
58,Amen Thompson,6.596774193548387
59,Precious Achiuwa,6.581081081081081
60,Saddiq Bey,6.523809523809524
61,Tobias Harris,6.4714285714285715
62,Aaron Gordon,6.4520547945205475
63,Jeremy Sochan,6.4324324324324325
64,Josh Giddey,6.425
65,Ausar Thompson,6.380952380952381
66,Day'Ron Sharpe,6.377049180327869
67,Al Horford,6.3538461538461535
68,Robert Williams III,6.333333333333333
69,Marvin Bagley III,6.24
70,Kevin Love,6.1454545454545455
71,Kawhi Leonard,6.117647058823529
72,Paul Reed,5.951219512195122
73,Zion Williamson,5.8
74,Santi Aldama,5.770491803278689
75,Brandin Podziemski,5.77027027027027
76,Kevon Looney,5.662162162162162
77,P.J. Washington,5.63013698630137
78,Vince Williams Jr.,5.576923076923077
79,Ja Morant,5.555555555555555
80,Shai Gilgeous-Alexander,5.533333333333333
81,Jaren Jackson Jr.,5.53030303030303
82,Jaylen Brown,5.5285714285714285
83,Jalen Smith,5.524590163934426
84,Keldon Johnson,5.463768115942029
85,Keegan Murray,5.454545454545454
86,Anthony Edwards,5.443037974683544
87,RJ Barrett,5.431034482758621
88,Malik Williams,5.428571428571429
89,Jrue Holiday,5.405797101449275
90,Zach Collins,5.36231884057971
91,Trey Jemison III,5.36
92,Dejounte Murray,5.333333333333333
93,James Wiseman,5.333333333333333
94,Brandon Clarke,5.333333333333333
95,Jimmy Butler III,5.3
96,Franz Wagner,5.291666666666667
97,Tyler Herro,5.285714285714286
98,Maozinha Pereira,5.285714285714286
99,Kelly Olynyk,5.269230769230769
100,Paul George,5.243243243243243
101,Bismack Biyombo,5.225
102,Naz Reid,5.222222222222222
103,Brook Lopez,5.177215189873418
104,Zach LaVine,5.16
105,Jalen Green,5.158536585365853
106,LaMelo Ball,5.136363636363637
107,James Harden,5.125
108,Donovan Mitchell,5.090909090909091
109,Mason Plumlee,5.086956521739131
110,Christian Wood,5.08
111,Brandon Ingram,5.0625
112,Russell Westbrook,5.044117647058823
113,Larry Nance Jr.,5.032786885245901
114,Kelly Oubre Jr.,5.014705882352941
115,Trayce Jackson-Davis,5.014705882352941
116,Kyrie Irving,5.0
117,Shaedon Sharpe,5.0
118,Wenyen Gabriel,5.0
119,Trey Murphy III,4.912280701754386
120,Toumani Camara,4.9
121,DeJon Jarreau,4.888888888888889
122,Max Strus,4.828571428571428
123,Jonathan Kuminga,4.797297297297297
124,Royce O'Neale,4.772151898734177
125,Jarred Vanderbilt,4.758620689655173
126,Khris Middleton,4.672727272727273
127,John Konchar,4.672727272727273
128,Dorian Finney-Smith,4.661764705882353
129,Taylor Hendricks,4.625
130,Goga Bitadze,4.612903225806452
131,De'Aaron Fox,4.594594594594595
132,Richaun Holmes,4.55
133,Mikal Bridges,4.536585365853658
134,Coby White,4.531645569620253
135,Devin Booker,4.529411764705882
136,Andrew Wiggins,4.52112676056338
137,Jonathan Isaac,4.482758620689655
138,Stephen Curry,4.45945945945946
139,Jordan Goodwin,4.43859649122807
140,Trey Lyles,4.431034482758621
141,Dario Šarić,4.421875
142,Desmond Bane,4.404761904761905
143,Caleb Martin,4.390625
144,Damian Lillard,4.383561643835616
145,Bradley Beal,4.377358490566038
146,DeAndre Jordan,4.361111111111111
147,Neemias Queta,4.357142857142857
148,Moritz Wagner,4.3375
149,CJ McCollum,4.333333333333333
150,Omer Yurtseven,4.333333333333333
151,Cameron Johnson,4.327586206896552
152,Rui Hachimura,4.323529411764706
153,Cade Cunningham,4.32258064516129
154,DeMar DeRozan,4.30379746835443
155,Drew Eubanks,4.293333333333333
156,Austin Reaves,4.2926829268292686
157,Bruno Fernando,4.288888888888889
158,Brandon Miller,4.256756756756757
159,Derrick White,4.2465753424657535
160,Bruce Brown,4.2388059701492535
161,Grant Williams,4.184210526315789
162,Mo Bamba,4.175438596491228
163,Nikola Jović,4.173913043478261
164,OG Anunoby,4.16
165,Luke Kornet,4.142857142857143
166,Chris Boucher,4.14
167,Nicolas Batum,4.133333333333334
168,Caris LeVert,4.117647058823529
169,Jamal Murray,4.101694915254237
170,Torrey Craig,4.09433962264151
171,GG Jackson,4.083333333333333
172,Daniel Theis,4.066666666666666
173,Bilal Coulibaly,4.063492063492063
174,Terry Rozier,4.049180327868853
175,Dean Wade,4.037037037037037
176,Charles Bassey,4.0
177,Adama Sanogo,4.0
178,Jalen Williams,3.971830985915493
179,Isaiah Jackson,3.966666666666667
180,Bennedict Mathurin,3.9661016949152543
181,Grayson Allen,3.933333333333333
182,Tyrese Haliburton,3.927536231884058
183,Moses Brown,3.909090909090909
184,Xavier Tillman,3.9074074074074074
185,Obi Toppin,3.902439024390244
186,De'Andre Hunter,3.8947368421052633
187,Cody Martin,3.892857142857143
188,Chris Paul,3.8793103448275863
189,Dyson Daniels,3.8688524590163933
190,Patrick Williams,3.86046511627907
191,Alex Caruso,3.8450704225352115
192,Cole Anthony,3.8395061728395063
193,Devin Vassell,3.838235294117647
194,Cam Whitmore,3.8297872340425534
195,Aaron Nesmith,3.8194444444444446
196,Immanuel Quickley,3.8088235294117645
197,Fred VanVleet,3.808219178082192
198,Chimezie Metu,3.803921568627451
199,Jaime Jaquez Jr.,3.8
200,Malcolm Brogdon,3.7948717948717947
201,Tre Jones,3.7532467532467533
202,Christian Braun,3.731707317073171
203,Simone Fontecchio,3.727272727272727
204,De'Anthony Melton,3.710526315789474
205,Thomas Bryant,3.710526315789474
206,Tyrese Maxey,3.6857142857142855
207,Duop Reath,3.676470588235294
208,Malik Beasley,3.670886075949367
209,Donte DiVincenzo,3.6666666666666665
210,Mouhamed Gueye,3.6666666666666665
211,Jake LaRavia,3.657142857142857
212,Naji Marshall,3.6363636363636362
213,Tre Mann,3.6341463414634148
214,Anfernee Simons,3.630434782608696
215,Kris Murray,3.6129032258064515
216,Jalen Brunson,3.6103896103896105
217,Tristan Vukcevic,3.6
218,Luguentz Dort,3.5949367088607596
219,Herbert Jones,3.5789473684210527
220,Tristan Thompson,3.5510204081632653
221,Gordon Hayward,3.549019607843137
222,Jerami Grant,3.537037037037037
223,Justin Champagnie,3.533333333333333
224,Ziaire Williams,3.5294117647058822
225,Tosan Evbuomwan,3.5294117647058822
226,Noah Clowney,3.5217391304347827
227,Kevin Huerter,3.5
228,Sam Hauser,3.4936708860759493
229,Kyle Anderson,3.4556962025316458
230,Bogdan Bogdanović,3.4430379746835444
231,Jaden Ivey,3.4285714285714284
232,Dominick Barlow,3.4242424242424243
233,Jordan Clarkson,3.418181818181818
234,Dillon Brooks,3.4166666666666665
235,Timmy Allen,3.4
236,Dwight Powell,3.3968253968253967
237,Jaylin Williams,3.391304347826087
238,Georges Niang,3.3902439024390243
239,Terance Mann,3.3866666666666667
240,Robert Covington,3.3448275862068964
241,Lamar Stevens,3.3421052631578947
242,Maxi Kleber,3.3255813953488373
243,Klay Thompson,3.2987012987012987
244,Dalano Banton,3.2962962962962963
245,Derrick Jones Jr.,3.289473684210526
246,Patrick Beverley,3.2739726027397262
247,Jericho Sims,3.2666666666666666
248,David Roddy,3.246153846153846
249,Cam Thomas,3.242424242424242
250,Patrick Baldwin Jr.,3.236842105263158
251,Kyle Lowry,3.2333333333333334
252,Payton Pritchard,3.231707317073171
253,Josh Green,3.2280701754385963
254,Peyton Watson,3.225
255,Jae Crowder,3.22
256,Tim Hardaway Jr.,3.2151898734177213
257,Markelle Fultz,3.2093023255813953
258,Buddy Hield,3.2023809523809526
259,Sandro Mamukelashvili,3.1956521739130435
260,Scotty Pippen Jr.,3.1904761904761907
261,Brice Sensabaugh,3.1875
262,Bol Bol,3.186046511627907
263,Haywood Highsmith,3.1818181818181817
264,Javon Freeman-Liberty,3.1818181818181817
265,Aleksej Pokusevski,3.1785714285714284
266,Jontay Porter,3.1538461538461537
267,Pat Connaughton,3.1447368421052633
268,Jahmi'us Ramsey,3.142857142857143
269,Scoot Henderson,3.129032258064516
270,Thaddeus Young,3.121212121212121
271,Jaden McDaniels,3.111111111111111
272,Darius Bazley,3.111111111111111
273,D'Angelo Russell,3.1052631578947367
274,Marques Bolden,3.090909090909091
275,Trendon Watford,3.0793650793650795
276,Jock Landale,3.0714285714285716
277,Jalen Suggs,3.0533333333333332
278,Jalen Wilson,3.046511627906977
279,Harrison Barnes,3.0365853658536586
280,Jae'Sean Tate,3.0307692307692307
281,Kenrich Williams,3.028985507246377
282,Dennis Schröder,3.025
283,Jaxson Hayes,3.0142857142857142
284,Jack White,3.0
285,Isaac Okoro,2.9855072463768115
286,Moses Moody,2.9696969696969697
287,Taurean Prince,2.948717948717949
288,Malik Monk,2.9444444444444446
289,Dennis Smith Jr.,2.9285714285714284
290,Oshae Brissett,2.909090909090909
291,Luke Kennard,2.8974358974358974
292,Mike Conley,2.8684210526315788
293,Jordan Nwora,2.8653846153846154
294,Kris Dunn,2.8636363636363638
295,Zavier Simpson,2.857142857142857
296,Ayo Dosunmu,2.8421052631578947
297,Killian Hayes,2.8333333333333335
298,Josh Richardson,2.813953488372093
299,Keyonte George,2.8133333333333335
300,Corey Kispert,2.8125
301,Julian Champagnie,2.7837837837837838
302,Ochai Agbaji,2.769230769230769
303,Trae Young,2.759259259259259
304,P.J. Tucker,2.7419354838709675
305,JaVale McGee,2.739130434782609
306,Marcus Morris Sr.,2.7346938775510203
307,Jordan Poole,2.717948717948718
308,Tyus Jones,2.712121212121212
309,Danté Exum,2.709090909090909
310,Spencer Dinwiddie,2.6973684210526314
311,T.J. McConnell,2.6901408450704225
312,Micah Potter,2.6875
313,Darius Garland,2.6666666666666665
314,Bojan Bogdanović,2.6666666666666665
315,Alex Len,2.6666666666666665
316,Marcus Smart,2.65
317,Gary Trent Jr.,2.647887323943662
318,Collin Sexton,2.628205128205128
319,Cody Zeller,2.604651162790698
320,Nathan Mensah,2.6
321,Gary Payton II,2.5681818181818183
322,Josh Okogie,2.566666666666667
323,Norman Powell,2.5657894736842106
324,Duncan Robinson,2.5441176470588234
325,Cedi Osman,2.5
326,David Duke Jr.,2.5
327,Troy Brown Jr.,2.440677966101695
328,Jason Preston,2.4285714285714284
329,Kevin Knox II,2.4193548387096775
330,Kentavious Caldwell-Pope,2.4078947368421053
331,Olivier Sarr,2.4
332,Aaron Wiggins,2.3846153846153846
333,Talen Horton-Tucker,2.372549019607843
334,Luka Samanic,2.372093023255814
335,Ashton Hagans,2.3684210526315788
336,Vít Krejčí,2.3636363636363638
337,Rayan Rupert,2.358974358974359
338,Mike Muscala,2.358490566037736
339,Orlando Robinson,2.3333333333333335
340,RaiQuan Gray,2.3333333333333335
341,Ibou Badji,2.3181818181818183
342,JT Thor,2.3174603174603177
343,Isaiah Joe,2.3076923076923075
344,Jose Alvarado,2.2857142857142856
345,Sasha Vezenkov,2.2857142857142856
346,Boban Marjanović,2.2857142857142856
347,Jeff Green,2.282051282051282
348,Cason Wallace,2.2804878048780486
349,Alec Burks,2.272727272727273
350,Dexter Dennis,2.25
351,Jordan Walsh,2.2222222222222223
352,Jordan Hawkins,2.208955223880597
353,Danilo Gallinari,2.204081632653061
354,Gradey Dick,2.2
355,Lonnie Walker IV,2.189655172413793
356,KJ Martin,2.183333333333333
357,Moussa Diabaté,2.1818181818181817
358,Keon Ellis,2.175438596491228
359,Zeke Nnaji,2.1551724137931036
360,Craig Porter Jr.,2.1372549019607843
361,Gui Santos,2.130434782608696
362,Stanley Umude,2.125
363,Max Christie,2.1194029850746268
364,Amir Coffey,2.1142857142857143
365,Jamaree Bouyea,2.111111111111111
366,Matisse Thybulle,2.0923076923076924
367,Mouhamadou Gueye,2.090909090909091
368,Joe Ingles,2.088235294117647
369,Isaiah Livers,2.0869565217391304
370,Keita Bates-Diop,2.0754716981132075
371,Andrew Nembhard,2.073529411764706
372,Cam Reddish,2.0625
373,MarJon Beauchamp,2.0625
374,Nickeil Alexander-Walker,2.0365853658536586
375,Anthony Black,2.0144927536231885
376,T.J. Warren,2.0
377,Udoka Azubuike,2.0
378,Matt Hurt,2.0
379,Oscar Tshiebwe,2.0
380,Tazé Moore,2.0
381,Izaiah Brockington,2.0
382,Dariq Whitehead,2.0
383,Markquis Nowell,2.0
384,Andre Jackson Jr.,1.9824561403508771
385,Eugene Omoruyi,1.9767441860465116
386,Olivier-Maxence Prosper,1.975
387,Malaki Branham,1.9733333333333334
388,Sam Merrill,1.9672131147540983
389,Quentin Grimes,1.9607843137254901
390,Jeremiah Robinson-Earl,1.9487179487179487
391,Lester Quinones,1.945945945945946
392,Jared Rhoden,1.9411764705882353
393,Kobe Bufkin,1.9411764705882353
394,Otto Porter Jr.,1.9333333333333333
395,Dalen Terry,1.9152542372881356
396,Jarace Walker,1.9090909090909092
397,Reggie Jackson,1.8902439024390243
398,Anthony Gill,1.88
399,Derrick Rose,1.875
400,Taj Gibson,1.85
401,Jaylen Nowell,1.8461538461538463
402,Leaky Black,1.8461538461538463
403,Sidy Cissoko,1.8333333333333333
404,Delon Wright,1.8297872340425532
405,Evan Fournier,1.8125
406,Kenneth Lofton Jr.,1.8095238095238095
407,Johnny Juzang,1.8
408,Armoni Brooks,1.8
409,Chris Duarte,1.7966101694915255
410,Jaden Hardy,1.7945205479452055
411,Eric Gordon,1.7941176470588236
412,Ish Smith,1.7674418604651163
413,Marcus Sasser,1.7605633802816902
414,Kobi Simmons,1.75
415,Bryce McGowens,1.728813559322034
416,Monté Morris,1.7272727272727273
417,Danuel House Jr.,1.7058823529411764
418,Chuma Okeke,1.702127659574468
419,Gary Harris,1.6851851851851851
420,Nassir Little,1.6666666666666667
421,Garrett Temple,1.6666666666666667
422,Jeff Dowtin Jr.,1.6666666666666667
423,Reggie Bullock Jr.,1.6590909090909092
424,Malachi Flynn,1.6521739130434783
425,Justin Minaya,1.6470588235294117
426,Brandon Boston,1.625
427,Jaden Springer,1.5918367346938775
428,Damian Jones,1.5897435897435896
429,Yuta Watanabe,1.588235294117647
430,Jalen McDaniels,1.58
431,Aaron Holiday,1.5769230769230769
432,Devonte' Graham,1.565217391304348
433,Shake Milton,1.5625
434,Ben Sheppard,1.5614035087719298
435,Dru Smith,1.5555555555555556
436,Seth Curry,1.5454545454545454
437,Ousmane Dieng,1.5454545454545454
438,Blake Wesley,1.540983606557377
439,Cameron Payne,1.5
440,Markieff Morris,1.5
441,Greg Brown III,1.5
442,Bones Hyland,1.4864864864864864
443,Wesley Matthews,1.4722222222222223
444,Miles McBride,1.4705882352941178
445,Vasilije Micić,1.4666666666666666
446,Nate Hinton,1.4666666666666666
447,Jared Butler,1.45
448,Johnny Davis,1.44
449,Ricky Council IV,1.4375
450,Matt Ryan,1.4285714285714286
451,Trevelin Queen,1.4285714285714286
452,Caleb Houstan,1.423728813559322
453,Jamal Cain,1.4230769230769231
454,Dāvis Bertāns,1.4186046511627908
455,Nick Smith Jr.,1.411764705882353
456,Theo Maledon,1.411764705882353
457,Kobe Brown,1.4090909090909092
458,Keon Johnson,1.4
459,Garrison Mathews,1.393939393939394
460,Onuralp Bitim,1.391304347826087
461,Jules Bernard,1.368421052631579
462,Landry Shamet,1.3478260869565217
463,Trent Forrest,1.3421052631578947
464,Colby Jones,1.3333333333333333
465,Quenton Jackson,1.3333333333333333
466,Davion Mitchell,1.3194444444444444
467,Harry Giles III,1.3043478260869565
468,Saben Lee,1.2916666666666667
469,Jordan McLaughlin,1.2857142857142858
470,Xavier Moon,1.2857142857142858
471,Ish Wainright,1.2727272727272727
472,Juan Toscano-Anderson,1.2727272727272727
473,JD Davison,1.25
474,Svi Mykhailiuk,1.2439024390243902
475,Luka Garza,1.24
476,Justin Holiday,1.2241379310344827
477,Julian Strawther,1.22
478,Frank Ntilikina,1.2
479,Terry Taylor,1.1935483870967742
480,A.J. Lawson,1.1904761904761905
481,Leonard Miller,1.1764705882352942
482,Dereon Seabron,1.1666666666666667
483,Usman Garuba,1.1666666666666667
484,Cory Joseph,1.1538461538461537
485,AJ Green,1.1428571428571428
486,Skylar Mays,1.131578947368421
487,Jacob Gilyard,1.1219512195121952
488,Keyontae Johnson,1.1111111111111112
489,Patty Mills,1.09375
490,Lindy Waters III,1.0526315789473684
491,Nate Williams,1.0454545454545454
492,Ryan Rollins,1.0
493,Buddy Boeheim,1.0
494,Chris Livingston,1.0
495,Isaiah Mobley,1.0
496,D.J. Carton,1.0
497,Henri Drell,1.0
498,D.J. Wilson,1.0
499,Mason Jones,1.0
500,Kevon Harris,1.0
501,Hamidou Diallo,1.0
502,Danny Green,1.0
503,Kaiser Gates,1.0
504,Dylan Windler,0.9411764705882353
505,Emoni Bates,0.9333333333333333
506,Kira Lewis Jr.,0.9285714285714286
507,Jermaine Samuels Jr.,0.9285714285714286
508,Doug McDermott,0.921875
509,Julian Phillips,0.9
510,AJ Griffin,0.9
511,Amari Bailey,0.9
512,Braxton Key,0.9
513,Collin Gillespie,0.875
514,Furkan Korkmaz,0.8571428571428571
515,Jevon Carter,0.8333333333333334
516,Alex Fudge,0.8333333333333334
517,Gabe Vincent,0.8181818181818182
518,Joe Harris,0.8125
519,Kessler Edwards,0.7777777777777778
520,Seth Lundy,0.7777777777777778
521,Jacob Toppin,0.7777777777777778
522,Brandon Williams,0.7647058823529411
523,Colin Castleton,0.75
524,R.J. Hampton,0.75
525,Admiral Schofield,0.7391304347826086
526,Mamadi Diakite,0.6666666666666666
527,Pat Spencer,0.6666666666666666
528,Shaquille Harrison,0.6666666666666666
529,James Bouknight,0.6428571428571429
530,Jordan Miller,0.625
531,E.J. Liddell,0.625
532,Jalen Hood-Schifino,0.6190476190476191
533,Jalen Slawson,0.5833333333333334
534,Jay Huff,0.55
535,Josh Minott,0.53125
536,Jalen Pickett,0.5185185185185185
537,Hunter Tyson,0.5
538,Ty Jerome,0.5
539,Joshua Primo,0.5
540,Wendell Moore Jr.,0.48
541,TyTy Washington Jr.,0.45454545454545453
542,James Johnson,0.4444444444444444
543,Ryan Arcidiacono,0.4
544,Cole Swider,0.3888888888888889
545,Jett Howard,0.3888888888888889
546,Thanasis Antetokounmpo,0.38235294117647056
547,Pete Nance,0.375
548,Kendall Brown,0.3333333333333333
549,Jordan Ford,0.3333333333333333
550,Drew Peterson,0.3333333333333333
551,Filip Petrusev,0.3333333333333333
552,Robin Lopez,0.3125
553,DaQuan Jeffries,0.29411764705882354
554,Jerome Robinson,0.2727272727272727
555,Terquavion Smith,0.25
556,Charlie Brown Jr.,0.25
557,Daishen Nix,0.2
558,Alondes Williams,0.14285714285714285
559,Maxwell Lewis,0.11764705882352941
560,D'Moi Hodge,0.0
561,Isaiah Thomas,0.0
562,Lindell Wigginton,0.0
563,Adam Flagler,0.0
564,Isaiah Wong,0.0
565,Andrew Funk,0.0
566,Dmytro Skapintsev,0.0
567,Jalen Crutcher,0.0
568,Javonte Smart,0.0
569,Justin Jackson,0.0
570,Malcolm Cazalon,0.0
571,Ron Harper Jr.,0.0
