,pname,avg_fg%,avg_3p%
0,Dereck Lively II,0.747,0.0
1,Daniel Gafford,0.725,0.0
2,Charles Bassey,0.725,0.0
3,Jaxson Hayes,0.72,0.0
4,Trayce Jackson-Davis,0.7020000000000001,0.0
5,Luke Kornet,0.7,1.0
6,Udoka Azubuike,0.696,0.0
7,Nick Richards,0.691,0.0
8,Jericho Sims,0.691,0.0
9,Marques Bolden,0.68,0.0
10,Dwight Powell,0.679,0.33299999999999996
11,Mamadi Diakite,0.667,0.0
12,Drew Peterson,0.667,0.6
13,D.J. Wilson,0.667,1.0
14,Jalen Slawson,0.667,0.0
15,Kevon Harris,0.667,0.0
16,Isaiah Jackson,0.665,0.0
17,Rudy Gobert,0.6609999999999999,0.0
18,Jakob Poeltl,0.6559999999999999,0.0
19,Walker Kessler,0.654,0.21100000000000002
20,Robert Williams III,0.654,0.0
21,Leonard Miller,0.65,0.4
22,Ivica Zubac,0.649,0.0
23,Mark Williams,0.649,0.0
24,Isaiah Hartenstein,0.644,0.33299999999999996
25,Neemias Queta,0.644,0.0
26,Jermaine Samuels Jr.,0.643,0.0
27,Ibou Badji,0.636,0.0
28,Jarrett Allen,0.634,0.0
29,Nic Claxton,0.629,0.2
30,DeAndre Jordan,0.624,0.0
31,Jalen Duren,0.619,0.0
32,Alex Len,0.617,0.0
33,Bol Bol,0.616,0.423
34,James Wiseman,0.613,0.0
35,Tristan Thompson,0.613,0.0
36,Giannis Antetokounmpo,0.611,0.27399999999999997
37,Onyeka Okongwu,0.611,0.33299999999999996
38,Goga Bitadze,0.603,0.14300000000000002
39,Thaddeus Young,0.602,0.14300000000000002
40,Moritz Wagner,0.601,0.33
41,Drew Eubanks,0.601,1.0
42,Javonte Green,0.6,0.37
43,Darius Bazley,0.6,0.25
44,Jay Huff,0.6,0.33299999999999996
45,JaVale McGee,0.598,0.14300000000000002
46,Kevon Looney,0.597,0.0
47,Damian Jones,0.597,0.214
48,Domantas Sabonis,0.594,0.379
49,Jalen Smith,0.5920000000000001,0.424
50,RaiQuan Gray,0.588,0.429
51,Marvin Bagley III,0.586,0.391
52,Nikola Jokić,0.583,0.359
53,Bruno Fernando,0.583,0.0
54,Ben Simmons,0.581,0.0
55,Evan Mobley,0.58,0.373
56,Olivier Sarr,0.579,0.33299999999999996
57,Thomas Bryant,0.5770000000000001,0.182
58,Mitchell Robinson,0.575,0.0
59,Obi Toppin,0.573,0.40299999999999997
60,Larry Nance Jr.,0.573,0.415
61,Clint Capela,0.5710000000000001,0.0
62,Day'Ron Sharpe,0.5710000000000001,0.267
63,Jordan Ford,0.5710000000000001,0.667
64,Zion Williamson,0.57,0.33299999999999996
65,Deandre Ayton,0.57,0.1
66,Mason Plumlee,0.569,0.0
67,Bismack Biyombo,0.565,0.0
68,Gary Payton II,0.563,0.364
69,Colin Castleton,0.563,0.0
70,Aaron Wiggins,0.562,0.49200000000000005
71,Jonas Valančiūnas,0.5589999999999999,0.308
72,Brandon Clarke,0.5589999999999999,0.16699999999999998
73,Richaun Holmes,0.5579999999999999,0.33299999999999996
74,Anthony Davis,0.556,0.271
75,Aaron Gordon,0.556,0.29
76,T.J. McConnell,0.556,0.409
77,Andre Drummond,0.556,0.0
78,Jeff Dowtin Jr.,0.556,0.474
79,David Duke Jr.,0.556,0.5
80,Jacob Toppin,0.556,0.25
81,Jordan Miller,0.556,0.5
82,Kelly Olynyk,0.555,0.387
83,Trey Jemison III,0.551,0.0
84,LeBron James,0.54,0.41
85,Jalen Williams,0.54,0.42700000000000005
86,Paul Reed,0.54,0.368
87,Nate Williams,0.54,0.4
88,Omer Yurtseven,0.5379999999999999,0.20800000000000002
89,Noah Clowney,0.5379999999999999,0.364
90,Alperen Sengun,0.537,0.297
91,Rui Hachimura,0.537,0.42200000000000004
92,Pascal Siakam,0.536,0.34600000000000003
93,Amen Thompson,0.536,0.138
94,KJ Martin,0.536,0.28600000000000003
95,Shai Gilgeous-Alexander,0.535,0.353
96,Danté Exum,0.5329999999999999,0.491
97,Thanasis Antetokounmpo,0.5329999999999999,0.0
98,Kendall Brown,0.5329999999999999,0.0
99,John Collins,0.532,0.371
100,Daniel Theis,0.532,0.366
101,Chet Holmgren,0.53,0.37
102,Joel Embiid,0.529,0.38799999999999996
103,Jonathan Kuminga,0.529,0.321
104,Boban Marjanović,0.529,0.0
105,Trendon Watford,0.527,0.397
106,Moussa Diabaté,0.526,0.0
107,Dexter Dennis,0.526,0.125
108,Kawhi Leonard,0.525,0.41700000000000004
109,Wendell Carter Jr.,0.525,0.374
110,Myles Turner,0.524,0.358
111,Kevin Durant,0.523,0.413
112,Bam Adebayo,0.521,0.35700000000000004
113,Ryan Rollins,0.519,0.75
114,Adama Sanogo,0.519,0.0
115,Jarred Vanderbilt,0.518,0.29600000000000004
116,Kristaps Porziņģis,0.516,0.375
117,Terance Mann,0.515,0.348
118,Jock Landale,0.515,0.25
119,Maozinha Pereira,0.514,0.385
120,Bradley Beal,0.513,0.43
121,Terry Taylor,0.513,0.222
122,Jalen Johnson,0.511,0.355
123,Al Horford,0.511,0.419
124,Jusuf Nurkić,0.51,0.244
125,Jonathan Isaac,0.51,0.375
126,Craig Porter Jr.,0.509,0.353
127,Gui Santos,0.509,0.37
128,Bobby Portis,0.508,0.40700000000000003
129,Moses Brown,0.508,0.0
130,Chris Boucher,0.507,0.33
131,Tosan Evbuomwan,0.507,0.375
132,Deni Avdija,0.506,0.374
133,Tre Jones,0.505,0.335
134,Karl-Anthony Towns,0.504,0.41600000000000004
135,Chimezie Metu,0.504,0.298
136,Ayo Dosunmu,0.501,0.40299999999999997
137,Precious Achiuwa,0.501,0.268
138,Andre Jackson Jr.,0.5,0.37
139,Orlando Robinson,0.5,0.5329999999999999
140,Jared Rhoden,0.5,0.387
141,Dylan Windler,0.5,0.48100000000000004
142,Chris Livingston,0.5,0.2
143,Oscar Tshiebwe,0.5,0.0
144,Wendell Moore Jr.,0.5,0.0
145,Pat Spencer,0.5,0.0
146,Ty Jerome,0.5,0.0
147,Filip Petrusev,0.5,0.0
148,Hamidou Diallo,0.5,0.0
149,Shaquille Harrison,0.5,0.0
150,Jaylen Brown,0.499,0.354
151,Jimmy Butler III,0.499,0.414
152,Grayson Allen,0.499,0.461
153,Herbert Jones,0.498,0.418
154,Andrew Nembhard,0.498,0.35700000000000004
155,Kyrie Irving,0.49700000000000005,0.41100000000000003
156,Draymond Green,0.49700000000000005,0.395
157,Aaron Nesmith,0.496,0.419
158,Dominick Barlow,0.496,0.33299999999999996
159,RJ Barrett,0.495,0.36
160,Khris Middleton,0.493,0.381
161,Scotty Pippen Jr.,0.493,0.41700000000000004
162,Devin Booker,0.49200000000000005,0.364
163,Brandon Ingram,0.49200000000000005,0.355
164,Cason Wallace,0.491,0.419
165,Isaac Okoro,0.49,0.391
166,Mo Bamba,0.49,0.391
167,Vít Krejčí,0.49,0.41200000000000003
168,Jaime Jaquez Jr.,0.489,0.322
169,Tyus Jones,0.489,0.414
170,Jaden McDaniels,0.489,0.337
171,OG Anunoby,0.489,0.382
172,Jared Butler,0.488,0.308
173,MarJon Beauchamp,0.488,0.4
174,Luka Dončić,0.48700000000000004,0.382
175,Collin Sexton,0.48700000000000004,0.39399999999999996
176,Tobias Harris,0.48700000000000004,0.353
177,Isaiah Stewart,0.48700000000000004,0.38299999999999995
178,Austin Reaves,0.486,0.36700000000000005
179,Corey Kispert,0.486,0.38299999999999995
180,Norman Powell,0.486,0.435
181,Brook Lopez,0.485,0.366
182,Eugene Omoruyi,0.485,0.28300000000000003
183,Sidy Cissoko,0.485,0.083
184,Nikola Vučević,0.484,0.294
185,Michael Porter Jr.,0.484,0.397
186,Zach Collins,0.484,0.32
187,Derrick Jones Jr.,0.483,0.34299999999999997
188,Ausar Thompson,0.483,0.18600000000000003
189,Jordan McLaughlin,0.483,0.47200000000000003
190,Franz Wagner,0.48200000000000004,0.281
191,Ricky Council IV,0.48200000000000004,0.375
192,Jamal Murray,0.48100000000000004,0.425
193,Leaky Black,0.48100000000000004,0.45
194,DeMar DeRozan,0.48,0.33299999999999996
195,Lauri Markkanen,0.48,0.39899999999999997
196,Jrue Holiday,0.48,0.429
197,Luka Garza,0.48,0.281
198,Jalen Brunson,0.479,0.401
199,Cedi Osman,0.479,0.389
200,Josh Green,0.479,0.385
201,Bruce Brown,0.478,0.32299999999999995
202,Tyrese Haliburton,0.47700000000000004,0.364
203,Naz Reid,0.47700000000000004,0.414
204,Scottie Barnes,0.475,0.341
205,Josh Giddey,0.475,0.337
206,Micah Potter,0.475,0.429
207,Harrison Barnes,0.474,0.387
208,Blake Wesley,0.474,0.218
209,Jeremiah Robinson-Earl,0.474,0.33299999999999996
210,Devin Vassell,0.47200000000000003,0.37200000000000005
211,Julius Randle,0.47200000000000003,0.311
212,Amir Coffey,0.47200000000000003,0.38
213,Markelle Fultz,0.47200000000000003,0.222
214,Jae'Sean Tate,0.47200000000000003,0.299
215,Josh Minott,0.47200000000000003,0.4
216,Jayson Tatum,0.47100000000000003,0.376
217,Paul George,0.47100000000000003,0.413
218,Jalen Suggs,0.47100000000000003,0.397
219,Ja Morant,0.47100000000000003,0.275
220,Sandro Mamukelashvili,0.47100000000000003,0.297
221,Lindy Waters III,0.47100000000000003,0.435
222,Kris Dunn,0.47,0.369
223,Anthony Gill,0.469,0.244
224,Payton Pritchard,0.46799999999999997,0.385
225,Alex Caruso,0.46799999999999997,0.408
226,Kenrich Williams,0.46799999999999997,0.397
227,Dario Šarić,0.466,0.376
228,Christian Wood,0.466,0.307
229,Anthony Black,0.466,0.39399999999999996
230,Tari Eason,0.466,0.36
231,De'Aaron Fox,0.465,0.369
232,Victor Wembanyama,0.465,0.325
233,Peyton Watson,0.465,0.29600000000000004
234,Haywood Highsmith,0.465,0.396
235,Desmond Bane,0.46399999999999997,0.381
236,Gordon Hayward,0.46399999999999997,0.41100000000000003
237,Johnny Juzang,0.46399999999999997,0.41600000000000004
238,Collin Gillespie,0.46399999999999997,0.395
239,Kyle Kuzma,0.46299999999999997,0.336
240,Naji Marshall,0.46299999999999997,0.387
241,Zeke Nnaji,0.46299999999999997,0.261
242,Donovan Mitchell,0.462,0.368
243,Miles Bridges,0.462,0.349
244,Moses Moody,0.462,0.36
245,Jordan Nwora,0.462,0.336
246,Kevin Knox II,0.462,0.33
247,Kenneth Lofton Jr.,0.462,0.292
248,Anthony Edwards,0.461,0.35700000000000004
249,Derrick White,0.461,0.396
250,Duop Reath,0.461,0.359
251,Keon Ellis,0.461,0.41700000000000004
252,Derrick Rose,0.461,0.366
253,Kentavious Caldwell-Pope,0.46,0.406
254,Simone Fontecchio,0.46,0.401
255,Jabari Walker,0.46,0.295
256,Christian Braun,0.46,0.384
257,Kyle Anderson,0.46,0.22899999999999998
258,Nassir Little,0.46,0.3
259,Harry Giles III,0.46,0.214
260,Dejounte Murray,0.45899999999999996,0.363
261,CJ McCollum,0.45899999999999996,0.429
262,De'Andre Hunter,0.45899999999999996,0.385
263,Tre Mann,0.45899999999999996,0.373
264,Isaiah Joe,0.45799999999999996,0.41600000000000004
265,Mike Conley,0.457,0.442
266,D'Angelo Russell,0.456,0.415
267,Grant Williams,0.456,0.375
268,Jeff Green,0.456,0.331
269,Garrison Mathews,0.456,0.44
270,Paolo Banchero,0.455,0.33899999999999997
271,Dru Smith,0.455,0.41200000000000003
272,Greg Brown III,0.455,0.33299999999999996
273,Keegan Murray,0.45399999999999996,0.358
274,Keldon Johnson,0.45399999999999996,0.34600000000000003
275,Jabari Smith Jr.,0.45399999999999996,0.363
276,Bojan Bogdanović,0.45399999999999996,0.39799999999999996
277,Russell Westbrook,0.45399999999999996,0.273
278,Brandin Podziemski,0.45399999999999996,0.385
279,Cam Whitmore,0.45399999999999996,0.359
280,Justin Holiday,0.45399999999999996,0.40399999999999997
281,Andrew Wiggins,0.45299999999999996,0.358
282,Nicolas Batum,0.45299999999999996,0.395
283,Jules Bernard,0.45299999999999996,0.379
284,Miles McBride,0.452,0.41
285,Zach LaVine,0.452,0.349
286,Davion Mitchell,0.452,0.361
287,Nikola Jović,0.452,0.39899999999999997
288,Jerami Grant,0.451,0.402
289,Stephen Curry,0.45,0.408
290,Tyrese Maxey,0.45,0.373
291,Duncan Robinson,0.45,0.395
292,Toumani Camara,0.45,0.337
293,Taylor Hendricks,0.45,0.379
294,Lamar Stevens,0.45,0.304
295,Cade Cunningham,0.449,0.355
296,Georges Niang,0.449,0.376
297,Luke Kennard,0.44799999999999995,0.45
298,Danuel House Jr.,0.44799999999999995,0.3
299,Coby White,0.447,0.376
300,Dyson Daniels,0.447,0.311
301,Darius Garland,0.446,0.371
302,Bennedict Mathurin,0.446,0.374
303,Cameron Johnson,0.446,0.391
304,Sam Hauser,0.446,0.424
305,Vince Williams Jr.,0.446,0.37799999999999995
306,Aaron Holiday,0.446,0.387
307,A.J. Lawson,0.446,0.26
308,Trey Lyles,0.445,0.384
309,Jaren Jackson Jr.,0.444,0.32
310,Josh Richardson,0.444,0.34700000000000003
311,Oshae Brissett,0.444,0.273
312,Javon Freeman-Liberty,0.444,0.23800000000000002
313,Donte DiVincenzo,0.44299999999999995,0.401
314,Terry Rozier,0.44299999999999995,0.363
315,Malik Monk,0.44299999999999995,0.35
316,Malik Beasley,0.44299999999999995,0.413
317,Trey Murphy III,0.44299999999999995,0.38
318,Eric Gordon,0.44299999999999995,0.37799999999999995
319,Kevin Huerter,0.44299999999999995,0.361
320,Patrick Williams,0.44299999999999995,0.39899999999999997
321,Cam Thomas,0.442,0.364
322,Taurean Prince,0.442,0.396
323,Kelly Oubre Jr.,0.441,0.311
324,Tyler Herro,0.441,0.396
325,Chris Paul,0.441,0.371
326,Gary Harris,0.441,0.371
327,Brandon Miller,0.44,0.373
328,Malcolm Brogdon,0.44,0.41200000000000003
329,Kevin Love,0.44,0.344
330,Sasha Vezenkov,0.44,0.375
331,Stanley Umude,0.44,0.45299999999999996
332,Nickeil Alexander-Walker,0.439,0.391
333,Marcus Morris Sr.,0.439,0.40299999999999997
334,Bryce McGowens,0.439,0.33299999999999996
335,Dalen Terry,0.439,0.23
336,Robert Covington,0.439,0.33899999999999997
337,James Bouknight,0.439,0.433
338,Jahmi'us Ramsey,0.439,0.273
339,T.J. Warren,0.439,0.154
340,Jeremy Sochan,0.43799999999999994,0.308
341,Luguentz Dort,0.43799999999999994,0.39399999999999996
342,Danilo Gallinari,0.43700000000000006,0.32299999999999995
343,JT Thor,0.43700000000000006,0.34600000000000003
344,Mikal Bridges,0.436,0.37200000000000005
345,Buddy Hield,0.436,0.386
346,P.J. Washington,0.436,0.32
347,Joe Ingles,0.436,0.435
348,Jaylen Nowell,0.436,0.207
349,Dennis Schröder,0.435,0.375
350,Cole Anthony,0.435,0.33799999999999997
351,Santi Aldama,0.435,0.349
352,Bilal Coulibaly,0.435,0.34600000000000003
353,Pat Connaughton,0.435,0.345
354,Dennis Smith Jr.,0.435,0.294
355,Immanuel Quickley,0.434,0.395
356,Josh Hart,0.434,0.31
357,Xavier Tillman,0.434,0.247
358,Keita Bates-Diop,0.434,0.304
359,Matt Ryan,0.434,0.451
360,LaMelo Ball,0.433,0.355
361,Doug McDermott,0.433,0.41
362,Tristan Vukcevic,0.433,0.278
363,Klay Thompson,0.43200000000000005,0.387
364,Malaki Branham,0.43200000000000005,0.34700000000000003
365,Cameron Payne,0.43200000000000005,0.39
366,Kyle Lowry,0.43200000000000005,0.392
367,Maxi Kleber,0.43200000000000005,0.348
368,Reggie Jackson,0.431,0.359
369,Caleb Martin,0.431,0.349
370,Landry Shamet,0.431,0.33799999999999997
371,Trae Young,0.43,0.373
372,Anfernee Simons,0.43,0.385
373,Vasilije Micić,0.43,0.27899999999999997
374,Torrey Craig,0.43,0.392
375,Marcus Smart,0.43,0.313
376,Jamal Cain,0.43,0.355
377,Jaden Ivey,0.429,0.336
378,Jalen Pickett,0.429,0.36
379,Nathan Mensah,0.429,0.0
380,Kobi Simmons,0.429,0.25
381,Bogdan Bogdanović,0.428,0.374
382,James Harden,0.428,0.381
383,Dillon Brooks,0.428,0.359
384,GG Jackson,0.428,0.35700000000000004
385,Marcus Sasser,0.428,0.375
386,Max Christie,0.42700000000000005,0.35600000000000004
387,Gary Trent Jr.,0.426,0.39299999999999996
388,Gradey Dick,0.425,0.365
389,Jalen Wilson,0.425,0.324
390,Damian Lillard,0.424,0.354
391,Otto Porter Jr.,0.424,0.348
392,Jalen Green,0.423,0.332
393,Lonnie Walker IV,0.423,0.384
394,AJ Green,0.423,0.408
395,John Konchar,0.423,0.317
396,Nate Hinton,0.423,0.5
397,Jae Crowder,0.42200000000000004,0.349
398,Ousmane Dieng,0.42200000000000004,0.3
399,Caris LeVert,0.42100000000000004,0.325
400,Dorian Finney-Smith,0.42100000000000004,0.348
401,Tazé Moore,0.42100000000000004,0.14300000000000002
402,Cody Zeller,0.419,0.33299999999999996
403,Max Strus,0.418,0.35100000000000003
404,Malachi Flynn,0.418,0.331
405,Ish Smith,0.418,0.5
406,Patrick Beverley,0.41700000000000004,0.337
407,Josh Okogie,0.41700000000000004,0.309
408,Jaylin Williams,0.41700000000000004,0.368
409,Isaiah Mobley,0.41700000000000004,0.3
410,JD Davison,0.41700000000000004,0.429
411,Fred VanVleet,0.41600000000000004,0.387
412,Saddiq Bey,0.41600000000000004,0.316
413,Svi Mykhailiuk,0.41600000000000004,0.389
414,Julian Phillips,0.41600000000000004,0.316
415,Reggie Bullock Jr.,0.415,0.40299999999999997
416,Kessler Edwards,0.415,0.385
417,Dean Wade,0.414,0.391
418,Jordan Poole,0.413,0.326
419,Jordan Clarkson,0.413,0.294
420,Killian Hayes,0.413,0.297
421,Jose Alvarado,0.41200000000000003,0.377
422,Braxton Key,0.41200000000000003,0.4
423,Ochai Agbaji,0.41100000000000003,0.294
424,Kobe Brown,0.41100000000000003,0.292
425,Justin Champagnie,0.41,0.289
426,Jarace Walker,0.409,0.4
427,Julian Champagnie,0.408,0.365
428,Ashton Hagans,0.408,0.32
429,Jaden Hardy,0.40700000000000003,0.36200000000000004
430,Shaedon Sharpe,0.406,0.33299999999999996
431,Shake Milton,0.405,0.281
432,Monté Morris,0.405,0.386
433,Aleksej Pokusevski,0.405,0.327
434,Taj Gibson,0.405,0.2
435,Dalano Banton,0.40399999999999997,0.29600000000000004
436,Brandon Boston,0.40399999999999997,0.26899999999999996
437,David Roddy,0.40299999999999997,0.293
438,Johnny Davis,0.40299999999999997,0.35
439,Tim Hardaway Jr.,0.402,0.353
440,Sam Merrill,0.402,0.40399999999999997
441,Jacob Gilyard,0.4,0.405
442,Hunter Tyson,0.4,0.28600000000000003
443,Alex Fudge,0.4,0.2
444,Jordan Walsh,0.4,0.222
445,Henri Drell,0.4,0.33299999999999996
446,Lindell Wigginton,0.4,0.0
447,Izaiah Brockington,0.4,0.0
448,Jaden Springer,0.39899999999999997,0.20800000000000002
449,Royce O'Neale,0.397,0.37
450,Ziaire Williams,0.397,0.307
451,Matisse Thybulle,0.397,0.34600000000000003
452,Lester Quinones,0.397,0.364
453,Talen Horton-Tucker,0.396,0.33
454,Kris Murray,0.396,0.268
455,Skylar Mays,0.396,0.29600000000000004
456,Furkan Korkmaz,0.395,0.35
457,Cole Swider,0.395,0.33299999999999996
458,Delon Wright,0.39399999999999996,0.368
459,Colby Jones,0.39399999999999996,0.091
460,Dāvis Bertāns,0.39299999999999996,0.38
461,Ben Sheppard,0.39299999999999996,0.314
462,Spencer Dinwiddie,0.392,0.337
463,Seth Curry,0.392,0.35200000000000004
464,Keyonte George,0.391,0.33399999999999996
465,Nick Smith Jr.,0.391,0.43200000000000005
466,Terquavion Smith,0.391,0.371
467,Brice Sensabaugh,0.39,0.29600000000000004
468,Jake LaRavia,0.389,0.34
469,Cam Reddish,0.389,0.336
470,Caleb Houstan,0.38799999999999996,0.373
471,De'Anthony Melton,0.386,0.36
472,Bones Hyland,0.386,0.326
473,Scoot Henderson,0.385,0.325
474,Olivier-Maxence Prosper,0.385,0.289
475,Jontay Porter,0.385,0.33299999999999996
476,Admiral Schofield,0.385,0.375
477,Jordan Hawkins,0.382,0.366
478,Chris Duarte,0.381,0.34600000000000003
479,Cody Martin,0.381,0.314
480,Patrick Baldwin Jr.,0.381,0.32
481,Onuralp Bitim,0.381,0.273
482,Keon Johnson,0.381,0.4
483,Luka Samanic,0.38,0.203
484,Jevon Carter,0.37799999999999995,0.32899999999999996
485,Trent Forrest,0.37799999999999995,0.2
486,Daishen Nix,0.375,0.353
487,D.J. Carton,0.375,0.25
488,Quentin Grimes,0.37200000000000005,0.33799999999999997
489,Troy Brown Jr.,0.37200000000000005,0.33299999999999996
490,Garrett Temple,0.37200000000000005,0.3
491,Kira Lewis Jr.,0.37,0.121
492,Kobe Bufkin,0.37,0.225
493,Brandon Williams,0.37,0.2
494,Alec Burks,0.369,0.376
495,Jordan Goodwin,0.369,0.298
496,Julian Strawther,0.369,0.297
497,Trevelin Queen,0.368,0.17600000000000002
498,Robin Lopez,0.368,0.25
499,Saben Lee,0.364,0.125
500,Wenyen Gabriel,0.364,0.16699999999999998
501,P.J. Tucker,0.36,0.371
502,Mike Muscala,0.359,0.292
503,Cory Joseph,0.359,0.31
504,Joe Harris,0.359,0.33299999999999996
505,Evan Fournier,0.35700000000000004,0.254
506,Chuma Okeke,0.35700000000000004,0.28
507,Jamaree Bouyea,0.35700000000000004,0.111
508,Yuta Watanabe,0.353,0.294
509,Matt Hurt,0.353,0.25
510,DaQuan Jeffries,0.353,0.2
511,Devonte' Graham,0.35200000000000004,0.301
512,Patty Mills,0.35100000000000003,0.276
513,Wesley Matthews,0.35100000000000003,0.348
514,Mouhamed Gueye,0.348,0.33299999999999996
515,Isaiah Livers,0.345,0.28600000000000003
516,Jalen McDaniels,0.344,0.16899999999999998
517,DeJon Jarreau,0.34,0.308
518,Markieff Morris,0.33799999999999997,0.35700000000000004
519,Rayan Rupert,0.335,0.359
520,Jerome Robinson,0.33299999999999996,0.11800000000000001
521,Jett Howard,0.33299999999999996,0.28
522,Amari Bailey,0.33299999999999996,0.125
523,D'Moi Hodge,0.33299999999999996,0.25
524,Isaiah Wong,0.33299999999999996,0.0
525,Joshua Primo,0.33299999999999996,0.0
526,Armoni Brooks,0.326,0.344
527,Xavier Moon,0.326,0.11800000000000001
528,Jason Preston,0.316,0.0
529,Zavier Simpson,0.315,0.294
530,Keyontae Johnson,0.313,0.33299999999999996
531,Buddy Boeheim,0.31,0.32
532,Dereon Seabron,0.308,0.5
533,Emoni Bates,0.306,0.303
534,Gabe Vincent,0.306,0.107
535,TyTy Washington Jr.,0.3,0.33299999999999996
536,Isaiah Thomas,0.3,0.5
537,James Johnson,0.3,0.0
538,Justin Minaya,0.297,0.245
539,Ish Wainright,0.292,0.35
540,AJ Griffin,0.29,0.256
541,Mouhamadou Gueye,0.289,0.0
542,Theo Maledon,0.28600000000000003,0.16699999999999998
543,R.J. Hampton,0.28600000000000003,0.125
544,Malik Williams,0.265,0.2
545,Timmy Allen,0.261,0.0
546,Juan Toscano-Anderson,0.25,0.25
547,Mason Jones,0.25,0.28600000000000003
548,Alondes Williams,0.25,0.0
549,Seth Lundy,0.235,0.231
550,Jalen Hood-Schifino,0.222,0.133
551,Charlie Brown Jr.,0.2,0.28600000000000003
552,Dariq Whitehead,0.2,0.0
553,Maxwell Lewis,0.19,0.111
554,E.J. Liddell,0.16699999999999998,0.0
555,Pete Nance,0.16699999999999998,1.0
556,Usman Garuba,0.16699999999999998,0.0
557,Adam Flagler,0.14300000000000002,0.16699999999999998
558,Jack White,0.125,0.2
559,Frank Ntilikina,0.111,0.125
560,Markquis Nowell,0.0,0.0
561,Quenton Jackson,0.0,0.0
562,Andrew Funk,0.0,0.0
563,Danny Green,0.0,0.0
564,Dmytro Skapintsev,0.0,0.0
565,Jalen Crutcher,0.0,0.0
566,Javonte Smart,0.0,0.0
567,Justin Jackson,0.0,0.0
568,Kaiser Gates,0.0,0.0
569,Malcolm Cazalon,0.0,0.0
570,Ron Harper Jr.,0.0,0.0
571,Ryan Arcidiacono,0.0,0.0
