,pname,pts_per_minute
0,Izaiah Brockington,1.1764705882352942
1,Joel Embiid,1.0332976936001221
2,Luka Dončić,0.9032012195121951
3,Shai Gilgeous-Alexander,0.8829866415951738
4,Giannis Antetokounmpo,0.865534434403241
5,Luka Garza,0.812807881773399
6,Jalen Brunson,0.8113560503246158
7,Stephen Curry,0.8077637827792691
8,Lindell Wigginton,0.7894736842105263
9,Nikola Jokić,0.7619221633473415
10,Donovan Mitchell,0.7530756164101507
11,Devin Booker,0.7524420648220052
12,Jayson Tatum,0.7511719340692575
13,Anthony Edwards,0.7396043892578689
14,De'Aaron Fox,0.7394313224010831
15,LaMelo Ball,0.7393871239808828
16,Dexter Dennis,0.7357859531772576
17,Kyrie Irving,0.7326566811194324
18,Kevin Durant,0.7281588188919946
19,LeBron James,0.7277229700043936
20,Zion Williamson,0.7254519914812633
21,Victor Wembanyama,0.722628430348495
22,Trae Young,0.7153525261368904
23,Cam Thomas,0.7142857142857142
24,Ja Morant,0.7109153821956591
25,Collin Sexton,0.7027183342972816
26,Lauri Markkanen,0.7023135681705776
27,Jaren Jackson Jr.,0.6995574804632333
28,Anthony Davis,0.6947633508628991
29,Kawhi Leonard,0.6922746781115879
30,Tyrese Maxey,0.6915987508568817
31,Desmond Bane,0.691017466038259
32,Damian Lillard,0.6884114179336022
33,Jaylen Brown,0.687299893276414
34,Kyle Kuzma,0.6808118890009206
35,Kristaps Porziņģis,0.6775548849044322
36,Cade Cunningham,0.6773695882749976
37,Julius Randle,0.6760321452671616
38,Jamal Murray,0.6715375523799291
39,Paul George,0.6679190982492604
40,Kevon Harris,0.6666666666666666
41,Karl-Anthony Towns,0.6659755134281201
42,Cam Whitmore,0.6577303192093604
43,Anfernee Simons,0.6568881583106784
44,Pascal Siakam,0.6535234583693893
45,Alperen Sengun,0.6506648416112633
46,D.J. Wilson,0.6451612903225806
47,Paolo Banchero,0.6445849858863044
48,RJ Barrett,0.6365268483760405
49,DeMar DeRozan,0.634745365723081
50,Boban Marjanović,0.6346967559943582
51,Brandon Ingram,0.633471251248395
52,Myles Turner,0.6323444423039877
53,Dejounte Murray,0.6298279021305644
54,Tyrese Haliburton,0.6246908027883967
55,Tyler Herro,0.6218463506502736
56,Oscar Tshiebwe,0.6205250596658711
57,Jalen Green,0.6188975167217652
58,Jerami Grant,0.6185116380723418
59,James Bouknight,0.6180469715698392
60,Terquavion Smith,0.6153846153846154
61,Moritz Wagner,0.6135576447303315
62,CJ McCollum,0.6124623581190641
63,Jimmy Butler III,0.6101562117428138
64,Jonathan Kuminga,0.6093870223134137
65,Jalen Williams,0.6093721892426696
66,Franz Wagner,0.607940446650124
67,Klay Thompson,0.6019612993608265
68,Ricky Council IV,0.5994455994455994
69,Malik Monk,0.5928537093414517
70,Terry Rozier,0.590570476377181
71,RaiQuan Gray,0.5897435897435898
72,Devin Vassell,0.5886016817190907
73,Bojan Bogdanović,0.5872801082543978
74,Immanuel Quickley,0.5822797562081298
75,Jordan Poole,0.5781036834924966
76,Jalen Smith,0.5742403974775464
77,Markquis Nowell,0.5714285714285714
78,Alec Burks,0.5687164671894346
79,Scottie Barnes,0.5687135899150034
80,GG Jackson,0.5668180343820953
81,Bam Adebayo,0.5656941858059177
82,Ryan Rollins,0.5655526992287918
83,T.J. McConnell,0.5631293570875291
84,Bobby Portis,0.5626929588686386
85,Mikal Bridges,0.5626795599467452
86,Chet Holmgren,0.5624171087533156
87,Miles Bridges,0.5613885552671342
88,Harry Giles III,0.5605605605605606
89,Jordan Clarkson,0.5599476906615942
90,Lonnie Walker IV,0.5587973494214222
91,Zach LaVine,0.5585502924647322
92,Khris Middleton,0.5567135076985141
93,Bennedict Mathurin,0.5564222568902756
94,Bogdan Bogdanović,0.5550928624968768
95,Naz Reid,0.5550463387310317
96,Tristan Vukcevic,0.5541069100391134
97,Marvin Bagley III,0.5534459844313651
98,Leonard Miller,0.5534351145038168
99,D'Angelo Russell,0.5511050279779397
100,Jordan Ford,0.5504587155963303
101,Adama Sanogo,0.5471124620060791
102,Josh Minott,0.5470459518599562
103,Malcolm Brogdon,0.5469307637401856
104,Bradley Beal,0.5456500820739231
105,JaVale McGee,0.5450795521508545
106,Domantas Sabonis,0.5440573770491803
107,Daishen Nix,0.5421686746987953
108,Darius Garland,0.5409387497368975
109,John Collins,0.5402135605701962
110,Tim Hardaway Jr.,0.5371881337546573
111,Brandon Miller,0.536718422156945
112,Jaden Hardy,0.5357864941366761
113,Jaden Ivey,0.5343855693348365
114,Donte DiVincenzo,0.5333841721742077
115,Dalano Banton,0.5320978219335116
116,Keldon Johnson,0.5317896389324961
117,Norman Powell,0.5305466237942122
118,De'Andre Hunter,0.5300101124263875
119,Michael Porter Jr.,0.5287374249395618
120,Eugene Omoruyi,0.5263157894736842
121,Nikola Vučević,0.5250047901896915
122,Kevin Love,0.5247214107973602
123,Coby White,0.5237037551190393
124,Jonas Valančiūnas,0.520573566084788
125,Jarrett Allen,0.5204537078743704
126,Corey Kispert,0.5175582857695656
127,Deandre Ayton,0.5158396411550322
128,Cole Anthony,0.5156000660320256
129,Scotty Pippen Jr.,0.5144267274107821
130,Evan Mobley,0.5123017685831757
131,Jordan Nwora,0.5116671352263144
132,Talen Horton-Tucker,0.511549519183107
133,Kelly Oubre Jr.,0.51038777793996
134,Zach Collins,0.5086189945598741
135,Tobias Harris,0.5084888926429597
136,Duop Reath,0.50819537105675
137,Brandon Clarke,0.5063291139240506
138,David Duke Jr.,0.5058365758754864
139,Rui Hachimura,0.5056149000273897
140,Keon Johnson,0.504885993485342
141,Trendon Watford,0.5043782837127846
142,Trey Murphy III,0.49813642548660003
143,Isaiah Jackson,0.4968218964846284
144,Jules Bernard,0.49564634963161414
145,Austin Reaves,0.4945034044657461
146,Russell Westbrook,0.4931972789115646
147,Mamadi Diakite,0.49180327868852464
148,Scoot Henderson,0.4916732751784298
149,Thomas Bryant,0.4916175804259176
150,Andre Drummond,0.4906386442684822
151,Josh Giddey,0.49015708888447007
152,Andrew Wiggins,0.48896063320141636
153,Lindy Waters III,0.4889364739471806
154,Gary Trent Jr.,0.4885634028892456
155,Deni Avdija,0.4883452982362847
156,Obi Toppin,0.4871142956200162
157,Nate Williams,0.4868624420401855
158,Lamar Stevens,0.4865831842576029
159,Caris LeVert,0.48618558807006795
160,Cameron Johnson,0.48530331457160725
161,Drew Peterson,0.4845814977973568
162,Kenneth Lofton Jr.,0.4841149773071104
163,Cole Swider,0.4838709677419355
164,Brandon Boston,0.48377752027809967
165,James Harden,0.4826497145402276
166,Shaedon Sharpe,0.48158640226628896
167,Keyonte George,0.4815583901908435
168,Derrick Rose,0.4783370899073378
169,Brandon Williams,0.47829937998228517
170,Marcus Smart,0.4778439153439154
171,Trayce Jackson-Davis,0.4776647501105705
172,Javonte Green,0.4774305555555555
173,Mark Williams,0.4760031471282455
174,Bol Bol,0.47547974413646055
175,Jalen Johnson,0.47435015088146537
176,Bones Hyland,0.4738985560903369
177,Jalen Duren,0.4731364275668073
178,Fred VanVleet,0.47310385933541943
179,Jake LaRavia,0.47051520794537555
180,Dario Šarić,0.469120058298415
181,Buddy Hield,0.46900319459234224
182,Jay Huff,0.4665314401622718
183,Jalen Suggs,0.46577101649708585
184,Isaiah Wong,0.46511627906976744
185,Derrick White,0.46493070138597226
186,Neemias Queta,0.46218487394957986
187,Moses Moody,0.4611125529890129
188,Jordan Miller,0.46099290780141844
189,Duncan Robinson,0.4592211609110948
190,Reggie Jackson,0.4584984588287098
191,Chris Boucher,0.4568023833167825
192,Sam Merrill,0.4537374871363083
193,Keegan Murray,0.4527543846094414
194,Moussa Diabaté,0.4517133956386293
195,Jordan Hawkins,0.45149060830604865
196,Dennis Schröder,0.4513455891226517
197,Day'Ron Sharpe,0.45079296111231804
198,Landry Shamet,0.45010323468685476
199,Daniel Gafford,0.44863315696649025
200,Tari Eason,0.44782337013122264
201,Tazé Moore,0.44665012406947896
202,Danilo Gallinari,0.4449388209121246
203,Clint Capela,0.4439488078168977
204,Jared Butler,0.4436980731836662
205,Cameron Payne,0.44321754466682006
206,Ivica Zubac,0.4424877396344182
207,Nate Hinton,0.44235924932975873
208,Aaron Wiggins,0.44140402312891924
209,Aaron Gordon,0.4410484151863462
210,Sasha Vezenkov,0.4402269614556838
211,Isaiah Joe,0.4401688698179805
212,Aaron Nesmith,0.43966511254825286
213,Craig Porter Jr.,0.4388666461348938
214,Luka Samanic,0.43768545994065283
215,A.J. Lawson,0.4374396912190415
216,Jett Howard,0.43609022556390975
217,Marcus Sasser,0.4337206720450004
218,Malachi Flynn,0.4333447371422055
219,Kelly Olynyk,0.4332745778131574
220,Malaki Branham,0.4327918208618202
221,Payton Pritchard,0.4310675357397163
222,Jabari Smith Jr.,0.4307286079709547
223,OG Anunoby,0.4306698002350176
224,Dāvis Bertāns,0.4302032339415517
225,Jonathan Isaac,0.42969604198556743
226,Luke Kennard,0.4294294294294294
227,Wendell Carter Jr.,0.4287847543198464
228,Gui Santos,0.42686100989068193
229,Amen Thompson,0.42635938062657547
230,Miles McBride,0.4232883934623785
231,P.J. Washington,0.4228396451569325
232,Sandro Mamukelashvili,0.4212860310421286
233,Simone Fontecchio,0.4209501794513048
234,Jakob Poeltl,0.4207414146008642
235,Jaime Jaquez Jr.,0.4206890024607231
236,Harrison Barnes,0.42000924020328445
237,Georges Niang,0.41942002075255314
238,Kevin Huerter,0.4192805018563564
239,Saddiq Bey,0.4185866032885483
240,Ayo Dosunmu,0.4176271186440678
241,Hunter Tyson,0.4166666666666667
242,Hamidou Diallo,0.4166666666666667
243,Julian Strawther,0.4162082874954162
244,Lester Quinones,0.4157160963244613
245,Nick Smith Jr.,0.4144366680389735
246,Stanley Umude,0.4135460761966786
247,Bruno Fernando,0.41330792906346187
248,Kobe Bufkin,0.413265306122449
249,Brice Sensabaugh,0.4123887748117728
250,Isaiah Thomas,0.4123711340206186
251,De'Anthony Melton,0.41141405257500246
252,Dillon Brooks,0.41092199218574577
253,Brook Lopez,0.41058394160583944
254,JD Davison,0.41025641025641024
255,AJ Green,0.41022301806934724
256,Rudy Gobert,0.4091627781419922
257,Sam Hauser,0.40905434907503163
258,James Wiseman,0.40879926672777267
259,Tyus Jones,0.4087545920215243
260,Omer Yurtseven,0.40726472206934505
261,Colin Castleton,0.40609137055837563
262,Anthony Gill,0.40514469453376206
263,Aaron Holiday,0.40494760891830145
264,Buddy Boeheim,0.40476190476190477
265,Ziaire Williams,0.4047412546978895
266,Santi Aldama,0.40417773932389844
267,Armoni Brooks,0.40384615384615385
268,Grayson Allen,0.40345362670592444
269,Gradey Dick,0.40230338408140726
270,Gordon Hayward,0.40150967638320084
271,Onyeka Okongwu,0.39937353171495693
272,Jusuf Nurkić,0.39894128970163617
273,Kevin Knox II,0.3980721171010353
274,Christian Wood,0.3979814198876018
275,Nic Claxton,0.39750437207543604
276,Damian Jones,0.39673711531331113
277,Dylan Windler,0.39667896678966785
278,Mike Conley,0.3961705037611124
279,Eric Gordon,0.3957518757265138
280,Maozinha Pereira,0.39473684210526316
281,Danté Exum,0.3935270319970578
282,Nikola Jović,0.39276947110020083
283,Jeremy Sochan,0.3925949569103096
284,Svi Mykhailiuk,0.3920619554695063
285,Jeff Green,0.38935209974757135
286,Matt Ryan,0.389344262295082
287,Bruce Brown,0.38919266645223544
288,Jahmi'us Ramsey,0.38810900082576383
289,Doug McDermott,0.3880597014925373
290,Johnny Juzang,0.38730500268961804
291,Tre Mann,0.3869921993718975
292,Marcus Morris Sr.,0.386780905752754
293,Chimezie Metu,0.38654092443823496
294,Jose Alvarado,0.3860365616491637
295,Collin Gillespie,0.385980479148181
296,Cedi Osman,0.3854035308953342
297,Josh Richardson,0.38538266231410956
298,Jerome Robinson,0.38413878562577447
299,Saben Lee,0.3837837837837838
300,Luguentz Dort,0.38290293855743546
301,Max Strus,0.3809396212933191
302,Malik Beasley,0.38033712672199876
303,Jrue Holiday,0.37997614103300487
304,Javon Freeman-Liberty,0.37965260545905705
305,Evan Fournier,0.37950664136622386
306,Justin Champagnie,0.37904599659284494
307,Jaylen Nowell,0.37885874649204865
308,Greg Brown III,0.37783375314861456
309,Paul Reed,0.3774771940861906
310,Jabari Walker,0.37516170763260026
311,Moses Brown,0.375
312,Jamal Cain,0.374372829023543
313,Dereck Lively II,0.3731746890210925
314,Alex Fudge,0.3731343283582089
315,Shake Milton,0.3716448726772195
316,Nick Richards,0.37072837891624494
317,Naji Marshall,0.37069445549280094
318,Daniel Theis,0.3705163579030351
319,Spencer Dinwiddie,0.3693551384501022
320,Andrew Nembhard,0.36895149407673716
321,Ish Wainright,0.3685897435897436
322,Derrick Jones Jr.,0.3685007571933367
323,Markelle Fultz,0.36817232662929994
324,Grant Williams,0.3681442524417731
325,Henri Drell,0.3678929765886288
326,Seth Curry,0.36724081897952554
327,Braxton Key,0.36666666666666664
328,Jeff Dowtin Jr.,0.36619718309859156
329,Patrick Williams,0.3653862533004003
330,Ousmane Dieng,0.3643835616438356
331,Caleb Martin,0.3643402026642378
332,Devonte' Graham,0.36433365292425696
333,Vince Williams Jr.,0.36268708666898714
334,Christian Braun,0.36240637835225903
335,Mason Plumlee,0.36207152396498
336,Trey Lyles,0.36176826109480226
337,David Roddy,0.3610875106202209
338,Tre Jones,0.3605836685062202
339,Herbert Jones,0.3605582837942621
340,Aleksej Pokusevski,0.3601381351751357
341,Olivier-Maxence Prosper,0.35990481856038076
342,Noah Clowney,0.3595566369288997
343,Jaden McDaniels,0.3595345523628592
344,Richaun Holmes,0.35914094928713225
345,Vasilije Micić,0.35893510249213234
346,Jock Landale,0.35887360838244925
347,DeAndre Jordan,0.3588577204953248
348,Skylar Mays,0.35771982460189244
349,Peyton Watson,0.35757494286866515
350,Amari Bailey,0.35603715170278644
351,Jevon Carter,0.3557194101235552
352,Isaiah Stewart,0.3535282541467529
353,Gary Payton II,0.35299308721870865
354,Jarace Walker,0.35252643948296125
355,Terance Mann,0.3513268193710289
356,Ausar Thompson,0.3512762193580996
357,Alex Caruso,0.3504386609812283
358,Quentin Grimes,0.35027807590984483
359,Jordan Goodwin,0.348550861905664
360,Dennis Smith Jr.,0.34854066307735904
361,Chris Paul,0.3481612123587432
362,Precious Achiuwa,0.3479492548343392
363,MarJon Beauchamp,0.3472107948000658
364,Walker Kessler,0.3469292076887014
365,Brandin Podziemski,0.3464918965604837
366,Olivier Sarr,0.34623217922606925
367,Jaxson Hayes,0.34545661840155056
368,Robert Williams III,0.3451178451178451
369,Jalen Pickett,0.3448275862068966
370,Monté Morris,0.3445378151260504
371,Davion Mitchell,0.3442012532921624
372,Jeremiah Robinson-Earl,0.34400239306012564
373,Julian Champagnie,0.34334763948497854
374,Dominick Barlow,0.3432657926102503
375,Isaac Okoro,0.342854114779291
376,Bryce McGowens,0.3425589836660617
377,Mo Bamba,0.3417071853052404
378,Nickeil Alexander-Walker,0.34098599614763914
379,Taylor Hendricks,0.3409621672115834
380,Patrick Baldwin Jr.,0.3404255319148936
381,Jacob Toppin,0.3403141361256544
382,D'Moi Hodge,0.3398058252427184
383,Luke Kornet,0.33967253127224656
384,Jared Rhoden,0.33877551020408164
385,Kessler Edwards,0.3385511467054969
386,Kira Lewis Jr.,0.3368660105980318
387,Kendall Brown,0.336
388,Colby Jones,0.3338549817423057
389,Shaquille Harrison,0.3333333333333333
390,Jermaine Samuels Jr.,0.33277870216306155
391,Nassir Little,0.33166048439886536
392,Cason Wallace,0.3315798806076009
393,Taurean Prince,0.3307079142152211
394,Mouhamed Gueye,0.32967032967032966
395,T.J. Warren,0.3287890938251804
396,Garrison Mathews,0.3275879447636327
397,Orlando Robinson,0.3259795851168917
398,Goga Bitadze,0.32493992268310523
399,Drew Eubanks,0.32429194831864466
400,Al Horford,0.3230256351304748
401,Zeke Nnaji,0.3228606144766534
402,Filip Petrusev,0.3225806451612903
403,Jalen Wilson,0.3220466516177577
404,Jaden Springer,0.3214990138067061
405,Alondes Williams,0.32051282051282054
406,Isaiah Mobley,0.3198887343532684
407,Jontay Porter,0.31971087016958577
408,Chris Duarte,0.31966643502432246
409,Sidy Cissoko,0.319375443577005
410,Oshae Brissett,0.3189463662329419
411,Kentavious Caldwell-Pope,0.3189274710633691
412,Draymond Green,0.31874916118641794
413,Amir Coffey,0.3169930165685335
414,Keon Ellis,0.3168114460909555
415,Darius Bazley,0.3162055335968379
416,Kenrich Williams,0.31584062196307094
417,Jalen McDaniels,0.3141263940520446
418,Jalen Hood-Schifino,0.3119266055045872
419,Thaddeus Young,0.3117178612059158
420,Josh Green,0.3116900378813052
421,Jordan McLaughlin,0.3114518447532343
422,Royce O'Neale,0.31112475693378366
423,Caleb Houstan,0.31031522139089907
424,Udoka Azubuike,0.31028368794326244
425,Bilal Coulibaly,0.31014982801842245
426,D.J. Carton,0.30985915492957744
427,Ben Sheppard,0.30946825494289576
428,Emoni Bates,0.3087349397590361
429,Patrick Beverley,0.3083760683760684
430,Admiral Schofield,0.30805687203791465
431,Jaylin Williams,0.3077266138922957
432,Isaiah Hartenstein,0.30691346305964246
433,Charles Bassey,0.30686799805163173
434,Blake Wesley,0.30597100125585114
435,Patty Mills,0.30580303395136044
436,Marques Bolden,0.30502885408079145
437,Markieff Morris,0.3049907578558225
438,Garrett Temple,0.3047091412742382
439,DaQuan Jeffries,0.30434782608695654
440,Toumani Camara,0.3029954579428506
441,Max Christie,0.30075187969924816
442,KJ Martin,0.3000669792364367
443,Dorian Finney-Smith,0.29980357696681487
444,Troy Brown Jr.,0.2988505747126437
445,Onuralp Bitim,0.29850746268656714
446,Dru Smith,0.2979373567608862
447,Trey Jemison III,0.2979094076655052
448,Kobi Simmons,0.29673590504451036
449,Haywood Highsmith,0.2965295065163274
450,Keita Bates-Diop,0.2964188985856154
451,Furkan Korkmaz,0.2934311437145715
452,Tristan Thompson,0.2933139005283294
453,Xavier Tillman,0.29140160065667964
454,Torrey Craig,0.2889567041769979
455,Josh Okogie,0.28863186412420544
456,Kyle Lowry,0.28819978695703635
457,Larry Nance Jr.,0.2878052791711208
458,DeJon Jarreau,0.28762541806020064
459,Chris Livingston,0.287292817679558
460,Killian Hayes,0.28679170388012304
461,Gary Harris,0.28674940260541126
462,Kris Dunn,0.28578290105667625
463,Micah Potter,0.2847931219774315
464,Kyle Anderson,0.28396655255626013
465,Delon Wright,0.2831715210355987
466,Danuel House Jr.,0.28285209192692984
467,Matt Hurt,0.2826855123674912
468,AJ Griffin,0.281195079086116
469,Josh Hart,0.2811437860203931
470,Cody Martin,0.28021248339973437
471,Kevon Looney,0.27963831212324175
472,Kris Murray,0.2788696877549507
473,Robin Lopez,0.2782071097372488
474,Ochai Agbaji,0.27716861598440545
475,Theo Maledon,0.27673545966228896
476,Xavier Moon,0.2766135792120704
477,Julian Phillips,0.2758834469931804
478,Tosan Evbuomwan,0.2755046372067648
479,Justin Holiday,0.271461716937355
480,Anthony Black,0.27143102559697646
481,Ty Jerome,0.27027027027027023
482,Alex Len,0.270148581719946
483,Jae Crowder,0.26996625421822273
484,Seth Lundy,0.2692307692307692
485,Wesley Matthews,0.2664083313150884
486,Dalen Terry,0.2644336712208021
487,Cam Reddish,0.2642007926023778
488,Dean Wade,0.26261167764642185
489,Mike Muscala,0.2615794735088304
490,Dyson Daniels,0.26058152373941845
491,Zavier Simpson,0.26022304832713755
492,Robert Covington,0.26003276003276005
493,Jarred Vanderbilt,0.258086717136958
494,Jae'Sean Tate,0.2569074163839069
495,Ben Simmons,0.25633881303984396
496,Pat Connaughton,0.25532422597387106
497,JT Thor,0.2549321035101204
498,Dereon Seabron,0.2540834845735027
499,Ashton Hagans,0.25348542458808615
500,Joe Ingles,0.25320786997433703
501,Mason Jones,0.2527075812274368
502,Yuta Watanabe,0.25193798449612403
503,TyTy Washington Jr.,0.25044722719141327
504,Vít Krejčí,0.24939959357103272
505,Dwight Powell,0.2487145761090518
506,Chuma Okeke,0.24785730831596017
507,Johnny Davis,0.24775876120619397
508,Jacob Gilyard,0.24770904925544102
509,Terry Taylor,0.24520255863539447
510,Rayan Rupert,0.24478837650031585
511,Leaky Black,0.24287222808870115
512,Trevelin Queen,0.24286581663630846
513,Isaiah Livers,0.24286322965487858
514,Wendell Moore Jr.,0.2396804260985353
515,Matisse Thybulle,0.2379991932230738
516,Cody Zeller,0.237722865186112
517,Reggie Bullock Jr.,0.22994011976047904
518,Joe Harris,0.22941176470588234
519,Kobe Brown,0.22588832487309646
520,Mitchell Robinson,0.22523108970186173
521,Otto Porter Jr.,0.22400919012062034
522,Jamaree Bouyea,0.22128556375131717
523,Bismack Biyombo,0.21983575489576754
524,Maxi Kleber,0.21918751434473263
525,Andre Jackson Jr.,0.21841691420583612
526,Mouhamadou Gueye,0.21684737281067556
527,Jalen Slawson,0.21621621621621623
528,Adam Flagler,0.21428571428571427
529,Cory Joseph,0.21290976681311255
530,Wenyen Gabriel,0.20987654320987653
531,Nicolas Batum,0.2092050209205021
532,Thanasis Antetokounmpo,0.2059202059202059
533,Trent Forrest,0.20057999033349444
534,John Konchar,0.20023858214042264
535,Joshua Primo,0.1941747572815534
536,Quenton Jackson,0.19047619047619047
537,Ish Smith,0.18763498920086394
538,Jordan Walsh,0.17964071856287425
539,Malik Williams,0.1784037558685446
540,E.J. Liddell,0.17316017316017315
541,James Johnson,0.1694915254237288
542,Jason Preston,0.1687763713080169
543,Usman Garuba,0.16853932584269662
544,Taj Gibson,0.16625916870415647
545,Keyontae Johnson,0.1661631419939577
546,Charlie Brown Jr.,0.160857908847185
547,Justin Minaya,0.16010498687664043
548,Jericho Sims,0.1573187414500684
549,Gabe Vincent,0.15625
550,Pat Spencer,0.15625
551,Ibou Badji,0.15057573073516387
552,Juan Toscano-Anderson,0.13282732447817835
553,R.J. Hampton,0.13157894736842105
554,Dariq Whitehead,0.125
555,Frank Ntilikina,0.11655011655011656
556,Pete Nance,0.10948905109489052
557,Nathan Mensah,0.10763209393346379
558,Maxwell Lewis,0.10700389105058367
559,P.J. Tucker,0.10692987867571457
560,Timmy Allen,0.10358565737051793
561,Jack White,0.09433962264150943
562,Andrew Funk,0.0
563,Danny Green,0.0
564,Dmytro Skapintsev,0.0
565,Jalen Crutcher,0.0
566,Javonte Smart,0.0
567,Justin Jackson,0.0
568,Kaiser Gates,0.0
569,Malcolm Cazalon,0.0
570,Ron Harper Jr.,0.0
571,Ryan Arcidiacono,0.0
