,team,pname,avg_points
0,ATL,Trae Young,25.72222222222222
1,BKN,Cam Thomas,22.454545454545453
2,BOS,Jayson Tatum,26.85135135135135
3,CHA,LaMelo Ball,23.90909090909091
4,CHI,DeMar DeRozan,24.0126582278481
5,CLE,Donovan Mitchell,26.6
6,DAL,Luka Dončić,33.857142857142854
7,DEN,Nikola Jokić,26.39240506329114
8,DET,Cade Cunningham,22.661290322580644
9,GSW,Stephen Curry,26.43243243243243
10,HOU,Alperen Sengun,21.126984126984127
11,IND,Pascal Siakam,21.7125
12,LAC,Kawhi Leonard,23.720588235294116
13,LAL,LeBron James,25.661971830985916
14,MEM,Ja Morant,25.11111111111111
15,MIA,Tyler Herro,20.833333333333332
16,MIL,Giannis Antetokounmpo,30.438356164383563
17,MIN,Anthony Edwards,25.936708860759495
18,NOP,Zion Williamson,22.87142857142857
19,NYK,Jalen Brunson,28.727272727272727
20,OKC,Shai Gilgeous-Alexander,30.053333333333335
21,ORL,Paolo Banchero,22.55
22,PHI,Joel Embiid,34.69230769230769
23,PHX,Kevin Durant,27.093333333333334
24,POR,Anfernee Simons,22.58695652173913
25,SAC,De'Aaron Fox,26.56756756756757
26,SAS,Victor Wembanyama,21.43661971830986
27,TOR,RJ Barrett,20.17241379310345
28,UTA,Lauri Markkanen,23.236363636363638
29,WAS,Kyle Kuzma,22.185714285714287
